id,path,name,latest_commit,files,loc,words,files_with_kw,files_with_keywords/global.json,files_with_keywords/nonlocal.json,files_with_keywords/globals.json,files_with_keywords/locals.json,files_with_keywords/inspect.json,files_with_keywords/import.json,files_with_keywords/from_import.json,files_with_keywords/builtins.json,loc_with_kw,loc_of_files_with_keywords/global.json,loc_of_files_with_keywords/nonlocal.json,loc_of_files_with_keywords/globals.json,loc_of_files_with_keywords/locals.json,loc_of_files_with_keywords/inspect.json,loc_of_files_with_keywords/import.json,loc_of_files_with_keywords/from_import.json,loc_of_files_with_keywords/builtins.json,words_with_kw,words_of_files_with_keywords/global.json,words_of_files_with_keywords/nonlocal.json,words_of_files_with_keywords/globals.json,words_of_files_with_keywords/locals.json,words_of_files_with_keywords/inspect.json,words_of_files_with_keywords/import.json,words_of_files_with_keywords/from_import.json,words_of_files_with_keywords/builtins.json,keywords/global.json,keywords/nonlocal.json,keywords/globals.json,keywords/locals.json,keywords/inspect.json,keywords/import.json,keywords/from_import.json,keywords/builtins.json
114761380,projects/0/114761380-121e27a8c40f201424a278906014360eae0b4ff1,Bug38/AoC,121e27a8c40f201424a278906014360eae0b4ff1,53,3073,11586,43,3,1,0,0,0,35,14,0,2566,229,64,0,0,0,1774,1185,0,10018,986,204,0,0,0,6979,4951,0,3,2,0,0,0,35,22,0
207982245,projects/0/207982245-4269d0a2ca020ea74a2fa1f043c7bd4b309112a0,lkakaka/GameServer,4269d0a2ca020ea74a2fa1f043c7bd4b309112a0,182,74644,286173,141,2,0,1,0,0,124,127,0,73076,244,0,8604,0,0,71908,71356,0,279154,1017,0,19152,0,0,274093,272494,0,2,0,14,0,0,288,627,0
44340145,projects/0/44340145-1195688557b7c74bae674e5bf7a8551c33bc9768,lxc-xx/cascor,1195688557b7c74bae674e5bf7a8551c33bc9768,8,514,2124,6,0,0,0,0,0,6,3,0,513,0,0,0,0,0,513,431,0,2120,0,0,0,0,0,2120,1860,0,0,0,0,0,0,23,23,0
321340362,projects/0/321340362-b4038368f0821922830ab9d890a76b3c707073e4,IRNAS/koruza-v2-ui,b4038368f0821922830ab9d890a76b3c707073e4,21,2247,7524,21,0,0,0,0,0,21,11,0,2247,0,0,0,0,0,2247,1862,0,7524,0,0,0,0,0,7524,6332,0,0,0,0,0,0,74,48,0
336605156,projects/0/336605156-80a62b8858759bad6dbf1ccac264efb06696adf1,code-mentoring/ctci,80a62b8858759bad6dbf1ccac264efb06696adf1,80,3765,13543,30,0,2,0,0,0,12,20,0,1730,0,117,0,0,0,820,1204,0,6082,0,308,0,0,0,2847,4095,0,0,2,0,0,0,12,24,0
53549152,projects/0/53549152-9852f45c07fa1e5428aef094edc090d4189e219a,ecarl65/udcacity_data_analysis,9852f45c07fa1e5428aef094edc090d4189e219a,13,2106,9840,13,0,0,0,0,0,13,9,0,2106,0,0,0,0,0,2106,1809,0,9840,0,0,0,0,0,9840,8010,0,0,0,0,0,0,46,16,0
488360389,projects/0/488360389-ed89fb9fe92f375c50cdf60425bf65b4fd3de951,bramhaag/stochastic-sokoban,ed89fb9fe92f375c50cdf60425bf65b4fd3de951,14,1515,5350,11,0,0,0,0,0,8,10,0,1515,0,0,0,0,0,1218,1498,0,5350,0,0,0,0,0,4441,5311,0,0,0,0,0,0,28,27,0
742813767,projects/0/742813767-2681a2ecd5bd3ba57fb526eb5d0c9030a6466c88,Masim3897/resume,2681a2ecd5bd3ba57fb526eb5d0c9030a6466c88,29,275,782,22,0,0,0,0,0,5,22,0,275,0,0,0,0,0,190,275,0,782,0,0,0,0,0,539,782,0,0,0,0,0,0,6,26,0
209525739,projects/0/209525739-f916acb6877e141b57a9f4e039a35be6eb3ed691,jheitmann/Neural-net-pruning,f916acb6877e141b57a9f4e039a35be6eb3ed691,16,1582,6474,12,1,0,0,0,0,12,6,0,1582,89,0,0,0,0,1582,1007,0,6474,327,0,0,0,0,6474,4402,0,1,0,0,0,0,45,13,0
725379600,projects/0/725379600-84cee5c3cf6bc24740a7b943695dd966a62cfa7b,10meters/final-jeopardy,84cee5c3cf6bc24740a7b943695dd966a62cfa7b,3,2673,11658,1,1,0,0,0,0,1,1,0,2217,2217,0,0,0,0,2217,2217,0,7919,7919,0,0,0,0,7919,7919,0,33,0,0,0,0,3,6,0
641416427,projects/0/641416427-aca8138d4a19909d2498fd5cf2dc33cce85bae32,bmsuisse/lakeapi,aca8138d4a19909d2498fd5cf2dc33cce85bae32,64,7317,22499,59,2,1,0,0,0,50,54,0,7316,236,86,0,0,0,6790,7196,0,22485,609,362,0,0,0,21057,22042,0,3,1,0,0,0,187,263,0
241730557,projects/0/241730557-1fc6f0e11ed8ae3e33bae972860fef6cbe09cd61,alexeypodorozhnyi/ServiceDesk,1fc6f0e11ed8ae3e33bae972860fef6cbe09cd61,33,803,2552,27,0,0,0,0,0,9,26,0,803,0,0,0,0,0,358,671,0,2552,0,0,0,0,0,1132,2206,0,0,0,0,0,0,10,56,0
442580509,projects/0/442580509-e15ec16cc48e6669aba54df6bd3d7df5846568d7,Francys73/Final-Data-Science-Project,e15ec16cc48e6669aba54df6bd3d7df5846568d7,1,2,7,0,0,0,0,0,0,0,0,0,0,0,0,0,0,0,0,0,0,0,0,0,0,0,0,0,0,0,0,0,0,0,0,0,0,0
573336472,projects/0/573336472-e9459bbb1d4c44608ed6b9dbca8ef36ded9d88bc,Isham013/selenium,e9459bbb1d4c44608ed6b9dbca8ef36ded9d88bc,3,186,871,3,0,0,0,0,0,3,3,0,186,0,0,0,0,0,186,186,0,871,0,0,0,0,0,871,871,0,0,0,0,0,0,11,8,0
367510730,projects/0/367510730-c87290b46b4a13ecfd9d396ec4e31632202bb5ec,yakiimoninja/osu,c87290b46b4a13ecfd9d396ec4e31632202bb5ec,7,452,1787,6,0,0,0,0,0,6,0,0,433,0,0,0,0,0,433,0,0,1707,0,0,0,0,0,1707,0,0,0,0,0,0,0,18,0,0
506706232,projects/0/506706232-e9e3d9a3ad6b1b8f7f258a00abf146acea84a34c,sphinx-extensions2/sphinx-subfigure,e9e3d9a3ad6b1b8f7f258a00abf146acea84a34c,7,576,2200,6,0,0,0,0,0,3,6,0,573,0,0,0,0,0,387,573,0,2182,0,0,0,0,0,1552,2182,0,0,0,0,0,0,6,26,0
593649904,projects/0/593649904-56e981e63a728668428215ce907632da406f72ae,Doracris28072007/lionv1,56e981e63a728668428215ce907632da406f72ae,2,1180,8720,2,1,0,0,0,0,2,1,0,1180,1155,0,0,0,0,1180,1155,0,8720,8613,0,0,0,0,8720,8613,0,2,0,0,0,0,4,6,0
585782316,projects/0/585782316-37fcec1ae22885c1b52e2aadb688e9b5927fcec3,ball2004244/KIPE-member-management,37fcec1ae22885c1b52e2aadb688e9b5927fcec3,839,316128,1140371,746,32,3,17,18,2,556,703,1,295766,21523,7581,18976,18107,348,221959,292785,36,1062503,80474,28162,74551,66533,1377,833089,1042821,100,50,4,32,29,2,1997,4047,1
631012586,projects/0/631012586-96c19ec813b100048b650b3f1814844a1dacc0e6,liaoyanqing666/siamese_neural_network_OfHSV,96c19ec813b100048b650b3f1814844a1dacc0e6,6,348,1340,6,0,0,0,0,0,6,5,0,348,0,0,0,0,0,348,323,0,1340,0,0,0,0,0,1340,1084,0,0,0,0,0,0,11,18,0
575175331,projects/0/575175331-b7490633477db37816c711cf93afcd983d0af6c2,jdashmarc/ibm_project,b7490633477db37816c711cf93afcd983d0af6c2,1,2,7,0,0,0,0,0,0,0,0,0,0,0,0,0,0,0,0,0,0,0,0,0,0,0,0,0,0,0,0,0,0,0,0,0,0,0
343886373,projects/0/343886373-aca8511defa8fd5f8013a7bd12cd28b58288429a,hoidn/xrd_clustering,aca8511defa8fd5f8013a7bd12cd28b58288429a,33,6649,27566,30,1,0,0,0,0,28,26,0,6649,653,0,0,0,0,6604,6288,0,27566,2696,0,0,0,0,27362,25983,0,1,0,0,0,0,145,167,0
374361862,projects/0/374361862-95bc1fa877b20c5117e438f08f58a4d148d6fe8a,Aarekaz/mymovielist,95bc1fa877b20c5117e438f08f58a4d148d6fe8a,15,2774,9925,14,2,0,0,0,0,14,14,0,2773,334,0,0,0,0,2773,2773,0,9923,1187,0,0,0,0,9923,9923,0,2,0,0,0,0,71,38,0
105772060,projects/0/105772060-70b61111aa47a6e8f8070027191ce14db151cdd4,sainttx/csc369,70b61111aa47a6e8f8070027191ce14db151cdd4,2,99,431,2,0,0,0,0,0,2,1,0,99,0,0,0,0,0,99,88,0,431,0,0,0,0,0,431,392,0,0,0,0,0,0,4,1,0
806942870,projects/0/806942870-313635f91472139c0e46b760af2e2f7719a975d2,aashilchaudhary/DS,313635f91472139c0e46b760af2e2f7719a975d2,7,341,939,0,0,0,0,0,0,0,0,0,0,0,0,0,0,0,0,0,0,0,0,0,0,0,0,0,0,0,0,0,0,0,0,0,0,0
527616765,projects/0/527616765-118a67a1c71f5dfbf228604489390fdd36602d95,danielegiulianini/smart-drive,118a67a1c71f5dfbf228604489390fdd36602d95,4,102,393,4,0,0,0,0,0,4,3,0,102,0,0,0,0,0,102,86,0,393,0,0,0,0,0,393,352,0,0,0,0,0,0,5,6,0
10532699,projects/0/10532699-a7c48476e436ead0bfd7f81d6b38af422adc5998,wilmerhenao/lbfgsfortran,a7c48476e436ead0bfd7f81d6b38af422adc5998,1,31,86,1,0,0,0,0,0,1,0,0,31,0,0,0,0,0,31,0,0,86,0,0,0,0,0,86,0,0,0,0,0,0,0,2,0,0
541393833,projects/0/541393833-645618a29c2e3f266794e15c6f27231c20fd01b6,penn-pal-lab/interactive_reward_functions,645618a29c2e3f266794e15c6f27231c20fd01b6,10,1719,6403,9,0,0,0,0,0,8,9,0,1719,0,0,0,0,0,1712,1719,0,6403,0,0,0,0,0,6374,6403,0,0,0,0,0,0,18,39,0
280370173,projects/0/280370173-345d2e608cc349722f717e4a39d23c3640e2451f,RRRoger/MyWebserver-flask,345d2e608cc349722f717e4a39d23c3640e2451f,58,4580,15711,54,0,0,0,0,0,23,51,0,4520,0,0,0,0,0,3039,4336,0,15595,0,0,0,0,0,10701,15099,0,0,0,0,0,0,51,278,0
1384451,projects/0/1384451-c3608a8c09e25e4d424111473edb98f3199f6431,gabordemooij/stamp,c3608a8c09e25e4d424111473edb98f3199f6431,0,0,0,0,0,0,0,0,0,0,0,0,0,0,0,0,0,0,0,0,0,0,0,0,0,0,0,0,0,0,0,0,0,0,0,0,0,0
477085932,projects/0/477085932-06ef35076f0c1257cceca8357a35550d9d0f1369,VanQuyDTVT/CNPM,06ef35076f0c1257cceca8357a35550d9d0f1369,7,3067,12542,7,1,0,0,0,0,7,7,0,3067,2355,0,0,0,0,3067,3067,0,12542,9805,0,0,0,0,12542,12542,0,10,0,0,0,0,19,27,0
492859360,projects/0/492859360-4bd3bd0b552b7dfbe8cfd73a15756e7c2d167be4,iamsh4shank/crypto_ts,4bd3bd0b552b7dfbe8cfd73a15756e7c2d167be4,7,819,3192,7,0,0,0,0,0,7,7,0,819,0,0,0,0,0,819,819,0,3192,0,0,0,0,0,3192,3192,0,0,0,0,0,0,31,19,0
133696734,projects/0/133696734-808a5b56a763155288b18fbf67d7ca3f70d4b0d6,tomszar/HGDP_1000G_PopStruct,808a5b56a763155288b18fbf67d7ca3f70d4b0d6,1,52,454,1,0,0,0,0,0,1,0,0,52,0,0,0,0,0,52,0,0,454,0,0,0,0,0,454,0,0,0,0,0,0,0,3,0,0
7191961,projects/0/7191961-58fd7ee8c276e85c1c0996a1853dd34c512eb157,maty-dev/sg-project00,58fd7ee8c276e85c1c0996a1853dd34c512eb157,6,339,1203,4,0,0,0,0,0,4,4,0,338,0,0,0,0,0,338,338,0,1199,0,0,0,0,0,1199,1199,0,0,0,0,0,0,9,4,0
157264342,projects/0/157264342-5d0d17fe413fa5c4463d72f591f03cee6fc74a39,annemenini/deepwater,5d0d17fe413fa5c4463d72f591f03cee6fc74a39,7,1170,4975,5,0,0,0,0,0,5,4,0,1170,0,0,0,0,0,1170,1050,0,4975,0,0,0,0,0,4975,4577,0,0,0,0,0,0,17,6,0
121341909,projects/0/121341909-3efec42c16bcd675b4f1923b2bb6db7426c34c50,rmartinshort/DataFetch,3efec42c16bcd675b4f1923b2bb6db7426c34c50,9,1058,3968,9,0,0,0,0,0,5,6,0,1058,0,0,0,0,0,880,810,0,3968,0,0,0,0,0,3304,3019,0,0,0,0,0,0,19,14,0
195418918,projects/0/195418918-0ca17ab8dd1763e2eef14be46318f84767b45d72,chaplean/nginx-proxy,0ca17ab8dd1763e2eef14be46318f84767b45d72,30,1329,5620,30,1,0,0,0,0,30,5,0,1329,461,0,0,0,0,1329,574,0,5620,1988,0,0,0,0,5620,2426,0,2,0,0,0,0,57,9,0
4495739,projects/0/4495739-8c5e6b6ec75f1171d5a40cea4fcf19e5d5ac50cc,kylin0925/rubikcube,8c5e6b6ec75f1171d5a40cea4fcf19e5d5ac50cc,3,250,1159,2,1,0,0,0,0,1,1,0,203,142,0,0,0,0,142,61,0,933,684,0,0,0,0,684,249,0,1,0,0,0,0,1,1,0
229779095,projects/0/229779095-0087aa84ee2e224b5dae3cae3a7a66763b1b0fc5,palmieric/populator,0087aa84ee2e224b5dae3cae3a7a66763b1b0fc5,1,275,1074,1,0,0,0,0,0,1,0,0,275,0,0,0,0,0,275,0,0,1074,0,0,0,0,0,1074,0,0,0,0,0,0,0,6,0,0
381351684,projects/0/381351684-dec9aa35721bcb5e5414d7bd720c7eb3eb1a62f6,okazakib/2021AppBio_project,dec9aa35721bcb5e5414d7bd720c7eb3eb1a62f6,2,102,413,2,0,0,0,0,0,2,0,0,102,0,0,0,0,0,102,0,0,413,0,0,0,0,0,413,0,0,0,0,0,0,0,6,0,0
44319249,projects/0/44319249-623bbbf31d5b63690d1d5431a0ffea6b959e427f,Way2CU/Lartech-Engineering-Site,623bbbf31d5b63690d1d5431a0ffea6b959e427f,2,209,760,2,0,0,0,0,0,2,2,0,209,0,0,0,0,0,209,209,0,760,0,0,0,0,0,760,760,0,0,0,0,0,0,5,3,0
292233416,projects/0/292233416-1374c2d7f61b8b9c1c5020ec64f851006a99c143,drigoni/RGCVAE,1374c2d7f61b8b9c1c5020ec64f851006a99c143,14,9255,43782,13,0,0,0,0,0,12,11,0,9195,0,0,0,0,0,9191,8927,0,43549,0,0,0,0,0,43537,42459,0,0,0,0,0,0,44,38,0
351730860,projects/0/351730860-3661012381b0391528c7994f10fffd780ff9461b,AlphonsG/Rainbow-Optical-Flow-For-ALI,3661012381b0391528c7994f10fffd780ff9461b,25,1865,7054,22,0,0,0,0,0,18,21,0,1861,0,0,0,0,0,1685,1847,0,7036,0,0,0,0,0,6524,6960,0,0,0,0,0,0,63,66,0
116573151,projects/0/116573151-c37e51035bb0752e15ad3b1e9bb8524f14c55712,muneebaadil/structure-from-motion,c37e51035bb0752e15ad3b1e9bb8524f14c55712,11,1713,7645,11,0,0,0,0,0,11,10,0,1713,0,0,0,0,0,1713,1588,0,7645,0,0,0,0,0,7645,7124,0,0,0,0,0,0,40,14,0
81226588,projects/0/81226588-0e11f0626249fb0c75d842b1b6f9c6c506cf013f,samantavm/mPark,0e11f0626249fb0c75d842b1b6f9c6c506cf013f,1132,197875,845108,940,17,0,11,12,1,454,918,0,191821,6410,0,9064,10990,125,150321,190252,0,762265,24375,0,33587,41568,501,585770,756866,0,25,0,24,22,1,1425,4621,0
107764150,projects/0/107764150-b08ef597e7a47af3ea472800d3a757a9315cd801,yagidot/Shinkai-Filter,b08ef597e7a47af3ea472800d3a757a9315cd801,13,603,2267,1,0,0,0,0,0,0,1,0,70,0,0,0,0,0,0,70,0,194,0,0,0,0,0,0,194,0,0,0,0,0,0,0,1,0
41569486,projects/0/41569486-317247960efa47d389cfbdae8ae659252f06731d,jswhit/pyspharm,317247960efa47d389cfbdae8ae659252f06731d,13,2397,12804,13,1,0,0,0,0,12,9,0,2397,89,0,0,0,0,2394,862,0,12804,576,0,0,0,0,12793,5231,0,1,0,0,0,0,30,21,0
766888313,projects/0/766888313-a045c3cbf8712adb5514f8b69ae6944e286e634c,Dilydigre/ai,a045c3cbf8712adb5514f8b69ae6944e286e634c,49,10119,41258,39,0,0,0,0,0,33,35,0,10096,0,0,0,0,0,9915,9730,0,41195,0,0,0,0,0,40500,39655,0,0,0,0,0,0,113,149,0
825286514,projects/0/825286514-45916ac5ba10fba3fc67c6a300580d16ac8e8a4f,caomingpei/hidir,45916ac5ba10fba3fc67c6a300580d16ac8e8a4f,12,650,2454,9,0,0,0,0,0,8,9,0,633,0,0,0,0,0,629,633,0,2362,0,0,0,0,0,2351,2362,0,0,0,0,0,0,17,22,0
284951507,projects/0/284951507-33d034da7beb26623f65903da6736199b3519479,itishmita/SpamClassification,33d034da7beb26623f65903da6736199b3519479,2,62,214,2,0,0,0,0,0,2,2,0,62,0,0,0,0,0,62,62,0,214,0,0,0,0,0,214,214,0,0,0,0,0,0,4,8,0
384200696,projects/0/384200696-59e346a12adee51dfd55ab78c4235db694c7a0d0,bluespec/AWSteria_Infra,59e346a12adee51dfd55ab78c4235db694c7a0d0,5,1366,4633,3,0,0,0,0,0,3,3,0,1203,0,0,0,0,0,1203,1203,0,4003,0,0,0,0,0,4003,4003,0,0,0,0,0,0,15,4,0
825975585,projects/0/825975585-6d2d6dd80a6d6d62a8320ee3b2aade340afa9ecd,roblee04/cat_image_server,6d2d6dd80a6d6d62a8320ee3b2aade340afa9ecd,4,291,941,3,0,0,0,0,0,3,3,0,284,0,0,0,0,0,284,284,0,935,0,0,0,0,0,935,935,0,0,0,0,0,0,12,7,0
792321860,projects/0/792321860-840789d5cf501c9252a66c20d429f7b4541baf5c,nitishatyagi13/CapstoneProject,840789d5cf501c9252a66c20d429f7b4541baf5c,2,58,219,2,0,0,0,0,0,2,2,0,58,0,0,0,0,0,58,58,0,219,0,0,0,0,0,219,219,0,0,0,0,0,0,5,5,0
492557064,projects/0/492557064-55ad50e6461d780353cb94620c03ec7502d7f38d,pedrojoaquim01/P6-Snelf,55ad50e6461d780353cb94620c03ec7502d7f38d,15,1540,5498,14,0,0,0,0,0,13,12,0,1540,0,0,0,0,0,1504,1332,0,5498,0,0,0,0,0,5373,4758,0,0,0,0,0,0,35,38,0
728449618,projects/0/728449618-ec1c1260774d57409ff66bb8754e8f6dafa1a367,Invincible-One/Neural-Boy-Advance,ec1c1260774d57409ff66bb8754e8f6dafa1a367,3,345,1229,3,0,0,0,0,0,3,3,0,345,0,0,0,0,0,345,345,0,1229,0,0,0,0,0,1229,1229,0,0,0,0,0,0,28,7,0
417864289,projects/0/417864289-1a9fa362c7f8ada935a94f2e8c9b48b317cc0382,JHF101/Digital_Filter_Synthesis,1a9fa362c7f8ada935a94f2e8c9b48b317cc0382,4,345,1237,3,0,0,0,0,0,3,3,0,344,0,0,0,0,0,344,344,0,1235,0,0,0,0,0,1235,1235,0,0,0,0,0,0,15,8,0
705649306,projects/0/705649306-31165401152181129a5bb61d12b41427f6c16de2,MoritaVan/paper_biasSpeedAccel,31165401152181129a5bb61d12b41427f6c16de2,26,6716,26197,26,0,0,0,0,0,25,15,0,6716,0,0,0,0,0,6714,5283,0,26197,0,0,0,0,0,26191,20386,0,0,0,0,0,0,168,38,0
168088353,projects/0/168088353-5e5450bfca5fe6f27e3896624b08a43f09e4216f,EternalCode/Dark-Wish,5e5450bfca5fe6f27e3896624b08a43f09e4216f,3,495,2414,3,0,0,0,0,0,3,2,0,495,0,0,0,0,0,495,486,0,2414,0,0,0,0,0,2414,2384,0,0,0,0,0,0,13,2,0
1341338,projects/0/1341338-611365f71265a092f32b4d121609a9a7ff11dfe3,kjellwinblad/ScalaEdit,611365f71265a092f32b4d121609a9a7ff11dfe3,1,248,1200,1,0,0,0,0,0,1,0,0,248,0,0,0,0,0,248,0,0,1200,0,0,0,0,0,1200,0,0,0,0,0,0,0,6,0,0
5167290,projects/0/5167290-9a00ac25a59f20d90cc63bf56fdea5c6283a4556,Coolexe/shooteru-ics-crc-3.0.16-e733189,9a00ac25a59f20d90cc63bf56fdea5c6283a4556,20,3729,13944,20,6,0,0,0,0,18,11,0,3729,2468,0,0,0,0,3584,1746,0,13944,9556,0,0,0,0,13518,6103,0,18,0,0,0,0,44,27,0
407509401,projects/0/407509401-41c246ae50b4bf0f372f7b8b2de8d02391eaad7a,deboradyankova/python_education,41c246ae50b4bf0f372f7b8b2de8d02391eaad7a,186,3462,8806,19,0,0,0,0,0,4,15,0,456,0,0,0,0,0,80,376,0,1180,0,0,0,0,0,218,962,0,0,0,0,0,0,4,15,0
458750019,projects/0/458750019-d243aabb3573b0a8735659caeb4a96b93d72e0e3,krisfarr21/UU-SE-Thesis-Project,d243aabb3573b0a8735659caeb4a96b93d72e0e3,5,1266,5520,4,0,0,0,0,0,4,4,0,1266,0,0,0,0,0,1266,1266,0,5520,0,0,0,0,0,5520,5520,0,0,0,0,0,0,30,14,0
498893646,projects/0/498893646-54549114546a46388e678163f8f5a1c4f8eaa87c,mohammad-nazari/parspark-qt,54549114546a46388e678163f8f5a1c4f8eaa87c,61,21580,89543,59,5,0,0,0,0,59,20,0,21572,9183,0,0,0,0,21572,6922,0,89519,41933,0,0,0,0,89519,26374,0,16,0,0,0,0,207,32,0
91879736,projects/0/91879736-2fd9b83b1d4e92db19fea867d1d956eecbdd6e2a,tropical32/invasive-species-kaggle,2fd9b83b1d4e92db19fea867d1d956eecbdd6e2a,5,213,728,5,0,0,0,0,0,5,3,0,213,0,0,0,0,0,213,134,0,728,0,0,0,0,0,728,402,0,0,0,0,0,0,13,12,0
112904289,projects/0/112904289-1b66a28a0c3388d23acec57dd2fa76857476bce1,wuliangshun/multi-classification-forecast,1b66a28a0c3388d23acec57dd2fa76857476bce1,7,1758,5266,7,0,0,0,0,0,7,4,0,1758,0,0,0,0,0,1758,1652,0,5266,0,0,0,0,0,5266,4851,0,0,0,0,0,0,21,22,0
173944659,projects/0/173944659-7732a24cbd85370f94675f60cabc617c03bc7193,nitinnilesh/Neural-Network-From-Scratch,7732a24cbd85370f94675f60cabc617c03bc7193,1,456,1968,1,0,0,0,0,0,1,1,0,456,0,0,0,0,0,456,456,0,1968,0,0,0,0,0,1968,1968,0,0,0,0,0,0,4,4,0
7390784,projects/0/7390784-3821c644d19c70dc7c4e112d5f389710544aca1c,johnsogg/cs2270,3821c644d19c70dc7c4e112d5f389710544aca1c,14,1058,4357,8,0,0,0,0,0,6,5,0,748,0,0,0,0,0,480,664,0,3241,0,0,0,0,0,1936,2998,0,0,0,0,0,0,6,14,0
391187553,projects/0/391187553-f507eb3398acb1ecc2e7faa65b38b3fbf2652533,sddiener/Rent-Predictor,f507eb3398acb1ecc2e7faa65b38b3fbf2652533,7,685,2812,6,0,0,0,0,0,6,5,0,667,0,0,0,0,0,667,573,0,2773,0,0,0,0,0,2773,2352,0,0,0,0,0,0,23,19,0
263062578,projects/0/263062578-02f96e60acdd05ebaceb3132e3ad4dd5b0cc04b8,obanlatomiwa/Coffee_Shop_Full_Stack,02f96e60acdd05ebaceb3132e3ad4dd5b0cc04b8,6,459,1636,3,0,0,0,0,0,3,3,0,459,0,0,0,0,0,459,459,0,1636,0,0,0,0,0,1636,1636,0,0,0,0,0,0,5,11,0
332733813,projects/0/332733813-3bf24bd2fccc483af148243b96c26a670ea0db72,0vj/Berudele,3bf24bd2fccc483af148243b96c26a670ea0db72,7,1192,4900,7,0,0,0,0,0,2,7,0,1192,0,0,0,0,0,616,1192,0,4900,0,0,0,0,0,2064,4900,0,0,0,0,0,0,7,15,0
308571177,projects/0/308571177-0a97649b5f41867446d5e2b1978e3ba2bb03f114,ShunChengWu/SCFusion,0a97649b5f41867446d5e2b1978e3ba2bb03f114,1,250,869,1,0,0,0,0,0,1,0,0,250,0,0,0,0,0,250,0,0,869,0,0,0,0,0,869,0,0,0,0,0,0,0,4,0,0
174452223,projects/0/174452223-96b9de79b56a6b852c82df993ca8677bc0cb53a5,gh7800/RN_BasicTraining,96b9de79b56a6b852c82df993ca8677bc0cb53a5,0,0,0,0,0,0,0,0,0,0,0,0,0,0,0,0,0,0,0,0,0,0,0,0,0,0,0,0,0,0,0,0,0,0,0,0,0,0
92795794,projects/0/92795794-ae2e4ee8e3e1ba2e69377ab93b1b4f8c70a08a13,voytekresearch/Cole_2017,ae2e4ee8e3e1ba2e69377ab93b1b4f8c70a08a13,4,1707,7252,4,0,0,0,0,0,4,4,0,1707,0,0,0,0,0,1707,1707,0,7252,0,0,0,0,0,7252,7252,0,0,0,0,0,0,10,13,0
379434176,projects/0/379434176-888181f184137ab28a2b1a511fe874d698d78c1f,usda-ars-ussl/rosetta-soil,888181f184137ab28a2b1a511fe874d698d78c1f,8,1561,7635,6,0,0,0,0,0,5,5,0,1418,0,0,0,0,0,1417,1293,0,6586,0,0,0,0,0,6579,6116,0,0,0,0,0,0,18,17,0
511904739,projects/0/511904739-0c36cdf737391467f34718e64cc9fe7dfbcde956,JanZrimec/ExpressionGAN,0c36cdf737391467f34718e64cc9fe7dfbcde956,7,1214,6380,7,0,0,0,0,0,6,3,0,1214,0,0,0,0,0,1211,655,0,6380,0,0,0,0,0,6371,3370,0,0,0,0,0,0,28,7,0
562536452,projects/0/562536452-b112aeb1cb3ab0c18399487452811dee802cd7f4,microsoft/onnx-protobuf,b112aeb1cb3ab0c18399487452811dee802cd7f4,1,133,542,1,0,0,0,0,0,1,0,0,133,0,0,0,0,0,133,0,0,542,0,0,0,0,0,542,0,0,0,0,0,0,0,6,0,0
165563831,projects/0/165563831-f78fc9c6fb625f4f661fbb4dd27fe4791f22e912,ygjose/Python_for_Everybody,f78fc9c6fb625f4f661fbb4dd27fe4791f22e912,14,267,1151,4,0,0,0,0,0,4,1,0,91,0,0,0,0,0,91,19,0,414,0,0,0,0,0,414,175,0,0,0,0,0,0,8,1,0
373492179,projects/0/373492179-b557b1ccfd19c46e83a39aa6941db9d4b87b7ee1,GreenfishK/DataCitation_Evaluation,b557b1ccfd19c46e83a39aa6941db9d4b87b7ee1,5,754,3161,5,0,0,0,0,0,5,5,0,754,0,0,0,0,0,754,754,0,3161,0,0,0,0,0,3161,3161,0,0,0,0,0,0,23,17,0
166461860,projects/0/166461860-d04b6aea3433384acb5c9fd1ef9a271203126fec,NCAR/jupyterlab-pbs,d04b6aea3433384acb5c9fd1ef9a271203126fec,4,127,372,3,0,0,0,0,0,2,3,0,124,0,0,0,0,0,105,124,0,361,0,0,0,0,0,309,361,0,0,0,0,0,0,4,5,0
420016372,projects/0/420016372-6f9a063a0d074e3e04d2dc7695d18902f5044df8,smyledev/ShapeCalculator,6f9a063a0d074e3e04d2dc7695d18902f5044df8,5,544,1367,5,0,0,0,0,0,5,0,0,544,0,0,0,0,0,544,0,0,1367,0,0,0,0,0,1367,0,0,0,0,0,0,0,6,0,0
645796109,projects/0/645796109-cc34998baf81ba18545e5eee349c397747993089,Adi3005/Quantum-Resistant-Chat-Application,cc34998baf81ba18545e5eee349c397747993089,18,592,2014,15,0,0,0,0,0,5,15,0,592,0,0,0,0,0,155,592,0,2014,0,0,0,0,0,488,2014,0,0,0,0,0,0,6,26,0
782046154,projects/0/782046154-3397bf8a523060a08b30c2611cbdfe8c653f9f34,XXICCCXIII/Projects,3397bf8a523060a08b30c2611cbdfe8c653f9f34,2,261,1079,2,2,0,0,0,0,2,2,0,261,261,0,0,0,0,261,261,0,1079,1079,0,0,0,0,1079,1079,0,11,0,0,0,0,4,6,0
195734879,projects/0/195734879-3ecb8967570ec648e933d120e96b247380b93a3e,jshi31/NAFAE,3ecb8967570ec648e933d120e96b247380b93a3e,97,11448,50769,74,2,0,0,5,0,64,65,0,11425,1437,0,0,72,0,11205,10474,0,50711,6605,0,0,218,0,49604,46885,0,2,0,0,5,0,306,233,0
437917880,projects/0/437917880-3f2fb41f3dd754be8420185f3e98006cb9f4b6a2,Thomas-Fulton/pycardgames,3f2fb41f3dd754be8420185f3e98006cb9f4b6a2,11,722,3478,7,0,0,0,0,0,4,5,0,699,0,0,0,0,0,644,555,0,3397,0,0,0,0,0,3176,2743,0,0,0,0,0,0,7,6,0
402201286,projects/0/402201286-a6b8acea5d8e366757687bacea04d7e74cbd7d65,ZaidDeAnda/Art_bot,a6b8acea5d8e366757687bacea04d7e74cbd7d65,2,171,772,2,0,0,0,0,0,2,1,0,171,0,0,0,0,0,171,58,0,772,0,0,0,0,0,772,250,0,0,0,0,0,0,24,1,0
225119846,projects/0/225119846-4323351591e8e5f48eab3f60d68a797f2dddbc60,kumiizoo/imagesearchhandson,4323351591e8e5f48eab3f60d68a797f2dddbc60,6,223,832,3,0,0,0,0,0,0,3,0,222,0,0,0,0,0,0,222,0,828,0,0,0,0,0,0,828,0,0,0,0,0,0,0,3,0
552205439,projects/0/552205439-44631c20e05a47c4879efc04f5527a4f2e0b82a0,gabesabella/C950,44631c20e05a47c4879efc04f5527a4f2e0b82a0,6,467,1527,5,0,0,0,0,0,4,5,0,415,0,0,0,0,0,405,415,0,1289,0,0,0,0,0,1252,1289,0,0,0,0,0,0,6,9,0
386736396,projects/0/386736396-7bbf99049d28741d2a4d531247c0d1ce6d7c518c,lsst-dm/daf_butler_tui,7bbf99049d28741d2a4d531247c0d1ce6d7c518c,24,2302,8232,24,0,0,1,0,0,21,24,0,2302,0,0,13,0,0,2238,2302,0,8232,0,0,40,0,0,7950,8232,0,0,0,1,0,0,48,97,0
415193879,projects/0/415193879-dd7e3efd6149cd1df8227f3b771d5e108aaf9cf1,jlabounty/lxe_pulsefinder,dd7e3efd6149cd1df8227f3b771d5e108aaf9cf1,3,520,2327,2,0,0,0,0,0,2,2,0,520,0,0,0,0,0,520,520,0,2327,0,0,0,0,0,2327,2327,0,0,0,0,0,0,17,5,0
259105228,projects/0/259105228-bfbbcd597e2c1307e3f610bd53a4bfdc47766f74,Galka88/hug,bfbbcd597e2c1307e3f610bd53a4bfdc47766f74,120,12351,52127,115,1,0,3,0,0,103,60,0,12349,57,0,724,0,0,11789,10728,0,52123,254,0,3198,0,0,49439,45449,0,2,0,4,0,0,216,206,0
460320792,projects/0/460320792-b9756b46004e0c83beba50f0e501865237de07db,NeonGeckoCom/neon-tts-plugin-glados,b9756b46004e0c83beba50f0e501865237de07db,9,517,2178,7,0,0,0,0,0,5,6,0,470,0,0,0,0,0,392,399,0,1827,0,0,0,0,0,1527,1535,0,0,0,0,0,0,9,17,0
721060687,projects/0/721060687-fde10c548c064dfca575724703c89b43914204d7,thehtk/Plantation-Disease-Detection-and-Diagnosis,fde10c548c064dfca575724703c89b43914204d7,2,120,484,2,0,0,0,0,0,2,2,0,120,0,0,0,0,0,120,120,0,484,0,0,0,0,0,484,484,0,0,0,0,0,0,3,7,0
54316100,projects/0/54316100-8a41a8cb2e5958c821a3ab136d282aeb9a7c6e5c,csxeba/TestMyCNN,8a41a8cb2e5958c821a3ab136d282aeb9a7c6e5c,3,324,1498,3,0,0,0,0,0,3,2,0,324,0,0,0,0,0,324,107,0,1498,0,0,0,0,0,1498,502,0,0,0,0,0,0,11,4,0
627275855,projects/0/627275855-7c8fc95a50964fe5a31a8086cb983b7bad45c81e,LeenhCraft/mariposario,7c8fc95a50964fe5a31a8086cb983b7bad45c81e,8,557,2208,8,0,0,0,0,0,8,5,0,557,0,0,0,0,0,557,409,0,2208,0,0,0,0,0,2208,1695,0,0,0,0,0,0,40,20,0
10773940,projects/0/10773940-b53d31584acf2976d106994960f27264efa534ec,mixpanel/mixpanel-python,b53d31584acf2976d106994960f27264efa534ec,6,1626,6014,6,0,0,0,0,0,5,5,0,1626,0,0,0,0,0,1613,1569,0,6014,0,0,0,0,0,5962,5789,0,0,0,0,0,0,21,10,0
791767486,projects/0/791767486-e48cf2ef512760bac31a783622aeacc473ccac91,francesco-camaione/iceberg-practice,e48cf2ef512760bac31a783622aeacc473ccac91,2,25,126,1,0,0,0,0,0,1,1,0,25,0,0,0,0,0,25,25,0,126,0,0,0,0,0,126,126,0,0,0,0,0,0,2,1,0
181869354,projects/0/181869354-dd6d0e11acb1dbeccb31832b0da397cec064f10b,naxa-developers/dimsnew,dd6d0e11acb1dbeccb31832b0da397cec064f10b,1,26,83,1,0,0,0,0,0,1,0,0,26,0,0,0,0,0,26,0,0,83,0,0,0,0,0,83,0,0,0,0,0,0,0,1,0,0
92550383,projects/0/92550383-be3b0268dd171bcc3aa4024b946deb39581bc21b,yahirb/Animal-as-a-Service,be3b0268dd171bcc3aa4024b946deb39581bc21b,7,20245,309602,5,0,0,0,0,0,5,3,0,20245,0,0,0,0,0,20245,20156,0,309602,0,0,0,0,0,309602,309266,0,0,0,0,0,0,19,6,0
247253553,projects/0/247253553-78cd06b758c1301f6288ed10696cc97bf508601f,SocratesClub/css,78cd06b758c1301f6288ed10696cc97bf508601f,5,1915,7953,5,0,0,0,0,0,4,4,0,1915,0,0,0,0,0,1811,1761,0,7953,0,0,0,0,0,7588,7443,0,0,0,0,0,0,7,6,0
834192231,projects/0/834192231-458556271b6e5c824cc3a5967c291bf5b31e9068,git-cst/staticwebpage,458556271b6e5c824cc3a5967c291bf5b31e9068,11,950,2954,10,0,0,0,0,0,8,9,0,897,0,0,0,0,0,695,881,0,2750,0,0,0,0,0,2156,2701,0,0,0,0,0,0,10,17,0
632710651,projects/0/632710651-87ba6b923807b18deb65c9c16857982f0576fb00,crazynds/FindHumanTouchIA,87ba6b923807b18deb65c9c16857982f0576fb00,10,838,3086,9,0,0,0,0,0,9,6,0,838,0,0,0,0,0,838,422,0,3086,0,0,0,0,0,3086,1773,0,0,0,0,0,0,33,6,0
666821713,projects/0/666821713-6ecd77c66fa7cfd39c4fd2fc6f27903f75ab4b12,datachecks/dcs-core,6ecd77c66fa7cfd39c4fd2fc6f27903f75ab4b12,124,16703,55732,88,1,0,2,0,0,43,86,0,16196,109,0,449,0,0,7385,16015,0,52243,333,0,1376,0,0,21896,51387,0,1,0,3,0,0,83,398,0
504628975,projects/0/504628975-26d7f49579bd0ffcd4f0170d7fc97287e9ecdc7b,shivagur/IBM_Datascience_Specialisation_Course_Assignment,26d7f49579bd0ffcd4f0170d7fc97287e9ecdc7b,1,86,511,1,0,0,0,0,0,1,1,0,86,0,0,0,0,0,86,86,0,511,0,0,0,0,0,511,511,0,0,0,0,0,0,6,2,0
390650520,projects/0/390650520-0b0e1dcc24f4c972ac4af6209347f7ca9b42e4fd,WenJuiHuang/MyEricProject,0b0e1dcc24f4c972ac4af6209347f7ca9b42e4fd,28,6297,19876,25,2,0,0,0,0,19,18,0,5465,114,0,0,0,0,4805,4583,0,17681,386,0,0,0,0,15524,14166,0,2,0,0,0,0,61,123,0
264563416,projects/0/264563416-71e3c7234da43eb8811de4d1ba7e167d5be8c2e5,msebastian02/ECG-System-with-AD8232,71e3c7234da43eb8811de4d1ba7e167d5be8c2e5,1,241,930,1,0,0,0,0,0,1,1,0,241,0,0,0,0,0,241,241,0,930,0,0,0,0,0,930,930,0,0,0,0,0,0,1,5,0
801610264,projects/0/801610264-1cf0a672d6c4d1048efee353c6c7a82d34a6180d,iShoockx/PD-Itabira-Python,1cf0a672d6c4d1048efee353c6c7a82d34a6180d,55,857,3632,12,0,0,0,0,0,11,1,0,397,0,0,0,0,0,390,7,0,1676,0,0,0,0,0,1650,26,0,0,0,0,0,0,12,1,0
265404886,projects/0/265404886-12e6d10b529ff6942ca045cf564d9f907c826ef1,kim0lil/skfactory.github.io,12e6d10b529ff6942ca045cf564d9f907c826ef1,1,106,451,1,0,0,0,0,0,1,0,0,106,0,0,0,0,0,106,0,0,451,0,0,0,0,0,451,0,0,0,0,0,0,0,2,0,0
807070678,projects/0/807070678-d8978f0def8c6b11d3ae19980121b7ec31ac858b,NeoMemb/AirBnB_clone,d8978f0def8c6b11d3ae19980121b7ec31ac858b,24,3577,14349,19,0,0,0,0,0,12,19,0,3577,0,0,0,0,0,3460,3577,0,14349,0,0,0,0,0,14031,14349,0,0,0,0,0,0,32,60,0
164370145,projects/0/164370145-ea70b1492e167a45e64ad30e02690d3472e451a7,leahjohannesen/poestash,ea70b1492e167a45e64ad30e02690d3472e451a7,33,1991,5947,29,1,0,0,0,0,12,27,0,1798,76,0,0,0,0,841,1661,0,5712,204,0,0,0,0,2862,5312,0,2,0,0,0,0,24,75,0
631544625,projects/0/631544625-ff6703e5a036cbf8dd1334f4eebadf835f466e30,liebrandapps/DataPeerExchange,ff6703e5a036cbf8dd1334f4eebadf835f466e30,11,1420,5582,8,2,0,0,0,0,7,5,0,1420,203,0,0,0,0,1313,966,0,5582,729,0,0,0,0,5110,3907,0,2,0,0,0,0,33,21,0
276186446,projects/0/276186446-681110b324c7d6a1e197618a29eaf4d3ddd05088,irbraun/snpedia-nlp,681110b324c7d6a1e197618a29eaf4d3ddd05088,2,270,1114,2,0,0,0,0,0,2,2,0,270,0,0,0,0,0,270,270,0,1114,0,0,0,0,0,1114,1114,0,0,0,0,0,0,10,2,0
722562308,projects/0/722562308-e111ffdc08e3eb1caaa7c53a13845bf2f768ad61,Ananyaiitbhilai/EneRex_plus_plus,e111ffdc08e3eb1caaa7c53a13845bf2f768ad61,578,202342,884303,561,10,0,1,0,0,521,521,0,202232,4629,0,328,0,0,200380,196876,0,883809,19127,0,1086,0,0,875948,862075,0,15,0,1,0,0,2402,2879,0
363186679,projects/0/363186679-83d70ee054d538ec3700948367b921c0f6a08874,florian-huber/weather_prediction_dataset,83d70ee054d538ec3700948367b921c0f6a08874,1,56,263,1,0,0,0,0,0,1,1,0,56,0,0,0,0,0,56,56,0,263,0,0,0,0,0,263,263,0,0,0,0,0,0,3,1,0
131711733,projects/0/131711733-69b0b5c58290e575acf9a987e20a1e0557e31180,yb17821/jndxzy,69b0b5c58290e575acf9a987e20a1e0557e31180,5,311,1023,5,0,0,0,0,0,5,4,0,311,0,0,0,0,0,311,279,0,1023,0,0,0,0,0,1023,890,0,0,0,0,0,0,19,6,0
281337379,projects/0/281337379-312339c126e8fe87c64d257896bbb42ce5e8b7ac,harsha-paruchuri/voicebaseddirectorysearch,312339c126e8fe87c64d257896bbb42ce5e8b7ac,7,476,1887,7,0,0,0,0,0,3,6,0,476,0,0,0,0,0,233,399,0,1887,0,0,0,0,0,877,1627,0,0,0,0,0,0,6,14,0
581905094,projects/0/581905094-a7bafe566fd13b8567e251c3c27318fa0826bef1,wmyw96/EILLS,a7bafe566fd13b8567e251c3c27318fa0826bef1,21,2817,11241,21,0,0,0,0,0,20,17,0,2817,0,0,0,0,0,2750,1957,0,11241,0,0,0,0,0,10937,7314,0,0,0,0,0,0,48,73,0
82396221,projects/0/82396221-6342e2d5fbaa22fb368aead772ac4f255df7562a,monobot/asyncorm,6342e2d5fbaa22fb368aead772ac4f255df7562a,55,4885,17138,41,1,0,0,0,0,16,39,0,4662,227,0,0,0,0,2558,4460,0,16573,863,0,0,0,0,8896,15657,0,1,0,0,0,0,43,110,0
804560820,projects/0/804560820-985d3b844883be861c5e2a2fb5e852f0dad0f69a,DevelopersToolbox/notify-package,985d3b844883be861c5e2a2fb5e852f0dad0f69a,7,1784,8673,7,0,0,0,0,0,4,7,0,1784,0,0,0,0,0,1450,1784,0,8673,0,0,0,0,0,7280,8673,0,0,0,0,0,0,8,15,0
117513835,projects/0/117513835-52d8bbb754127722986063ba1ed6163c8b636228,penny56/python-crawler,52d8bbb754127722986063ba1ed6163c8b636228,10,1377,4726,10,0,0,0,0,0,10,0,0,1377,0,0,0,0,0,1377,0,0,4726,0,0,0,0,0,4726,0,0,0,0,0,0,0,21,0,0
406599217,projects/0/406599217-b5fa6c78623e2e6ac3e4d1c365a05d82352f3f7a,386408003/spring-framework-5.3.4,b5fa6c78623e2e6ac3e4d1c365a05d82352f3f7a,2,10,32,2,0,0,0,0,0,0,2,0,10,0,0,0,0,0,0,10,0,32,0,0,0,0,0,0,32,0,0,0,0,0,0,0,2,0
204903038,projects/0/204903038-ed6f2dd04e68295d7b632dd8505f2d5eca7ee8df,vihangasankalpa220/CSSE-ProjectProcureSystem-2019,ed6f2dd04e68295d7b632dd8505f2d5eca7ee8df,5,258,1000,5,0,0,0,0,0,4,4,0,258,0,0,0,0,0,213,235,0,1000,0,0,0,0,0,744,916,0,0,0,0,0,0,5,9,0
288836439,projects/0/288836439-868a18eaf60e21eafca547c61989dbaae4bb0aaa,martinduartemore/awesome-text-based-image-manipulation,868a18eaf60e21eafca547c61989dbaae4bb0aaa,1,60,188,1,0,0,0,0,0,1,0,0,60,0,0,0,0,0,60,0,0,188,0,0,0,0,0,188,0,0,0,0,0,0,0,2,0,0
199821366,projects/0/199821366-f466d3bf933a751375c9dc15d5d75b5ff14772fc,HeadHunter483/flask-test,f466d3bf933a751375c9dc15d5d75b5ff14772fc,28,795,2885,21,0,0,0,0,0,7,21,0,786,0,0,0,0,0,418,786,0,2866,0,0,0,0,0,1382,2866,0,0,0,0,0,0,10,79,0
678702694,projects/0/678702694-33b1b94c7e8a6c46fac481326e2af42f6c28f101,gomeo06/chiu-chiu-chiu-15.8888,33b1b94c7e8a6c46fac481326e2af42f6c28f101,1,260,988,1,0,0,0,0,0,1,1,0,260,0,0,0,0,0,260,260,0,988,0,0,0,0,0,988,988,0,0,0,0,0,0,7,5,0
372671789,projects/0/372671789-9d86fc941900b555c8faf525be7a755aece6b72e,zqfang/neoepitope,9d86fc941900b555c8faf525be7a755aece6b72e,34,6935,24827,31,0,0,1,1,0,30,26,0,6935,0,0,136,136,0,6908,6243,0,24827,0,0,407,407,0,24735,22405,0,0,0,1,1,0,140,80,0
149948474,projects/0/149948474-d38a36faccfb6d0f75d1cef23637c1e7e5e6797a,troykelly/python-trackimo,d38a36faccfb6d0f75d1cef23637c1e7e5e6797a,16,2939,8394,12,1,0,0,0,1,10,11,0,2761,370,0,0,0,272,2746,2641,0,7884,921,0,0,0,1223,7837,7585,0,2,0,0,0,1,29,22,0
105067101,projects/0/105067101-9317fe0247de6430cc295e8a3997739b26c5f633,ImageMonkey/imagemonkey-chrome-extension,9317fe0247de6430cc295e8a3997739b26c5f633,1,15,90,1,0,0,0,0,0,1,0,0,15,0,0,0,0,0,15,0,0,90,0,0,0,0,0,90,0,0,0,0,0,0,0,2,0,0
613546291,projects/0/613546291-e631ac46a78e3d3b7ed41845a37317f6923f6dc8,kolyaklimk/Binary_Math_Python,e631ac46a78e3d3b7ed41845a37317f6923f6dc8,2,690,2463,2,0,0,0,0,0,2,0,0,690,0,0,0,0,0,690,0,0,2463,0,0,0,0,0,2463,0,0,0,0,0,0,0,3,0,0
374225948,projects/0/374225948-6a26e56ad976b17dbe2f77ea6944ada58dbcb907,Fleschmc/Small_Projects,6a26e56ad976b17dbe2f77ea6944ada58dbcb907,16,1352,5905,14,0,0,0,0,0,14,10,0,1265,0,0,0,0,0,1265,1133,0,5449,0,0,0,0,0,5449,4812,0,0,0,0,0,0,28,30,0
458624704,projects/0/458624704-a40e961663e457ba35ec6678653e8f2b3ab8cfcb,seasidefm/botsuro-twitch,a40e961663e457ba35ec6678653e8f2b3ab8cfcb,8,806,2771,7,0,0,0,0,0,5,6,0,806,0,0,0,0,0,782,780,0,2771,0,0,0,0,0,2699,2678,0,0,0,0,0,0,10,16,0
182199645,projects/0/182199645-566981c4b141ae031aedadec2d6d37a9ffd1439b,roy-sourov/LeetCode-Solution,566981c4b141ae031aedadec2d6d37a9ffd1439b,26,502,2113,7,0,0,0,0,0,2,5,0,160,0,0,0,0,0,38,122,0,622,0,0,0,0,0,177,445,0,0,0,0,0,0,2,5,0
175743118,projects/0/175743118-1bc5bc521d109a0405841a4ef1449bc3f60dd324,victoriayue/Chart_Web_Crawler,1bc5bc521d109a0405841a4ef1449bc3f60dd324,1,107,359,1,0,0,0,0,0,1,1,0,107,0,0,0,0,0,107,107,0,359,0,0,0,0,0,359,359,0,0,0,0,0,0,2,1,0
105884870,projects/0/105884870-0403c4ed870c32ff9846f943e28aeb897f4baf3c,allspeak/api.allspeak.eu,0403c4ed870c32ff9846f943e28aeb897f4baf3c,32,3328,12888,27,0,0,0,0,0,22,26,0,3328,0,0,0,0,0,3211,3294,0,12888,0,0,0,0,0,12493,12800,0,0,0,0,0,0,59,113,0
344230617,projects/0/344230617-20ce17ac79e569cd51274682696d28878733b64e,pri1311/stats,20ce17ac79e569cd51274682696d28878733b64e,2,628,2027,2,0,0,0,0,0,2,2,0,628,0,0,0,0,0,628,628,0,2027,0,0,0,0,0,2027,2027,0,0,0,0,0,0,8,2,0
391107307,projects/0/391107307-9a2cda1a0ac8dc448eb610706f8cf5da175a33f3,AkhileshSagar30/Personal-Projects,9a2cda1a0ac8dc448eb610706f8cf5da175a33f3,2,350,1419,2,0,0,0,0,0,2,2,0,350,0,0,0,0,0,350,350,0,1419,0,0,0,0,0,1419,1419,0,0,0,0,0,0,3,5,0
288696248,projects/0/288696248-9c9dee6ec31599840c3d115b9cc8e56533739c71,JohnEskimSmith/PacketSenderHTTPLite,9c9dee6ec31599840c3d115b9cc8e56533739c71,26,3494,12998,21,0,0,0,0,0,9,20,0,3494,0,0,0,0,0,2589,3468,0,12998,0,0,0,0,0,10439,12875,0,0,0,0,0,0,15,112,0
24014649,projects/0/24014649-e99c789c9f9aef2192ec25abc4d5e3b01341a574,JiaminXuan/Urban-Informatics-python,e99c789c9f9aef2192ec25abc4d5e3b01341a574,43,1902,8139,41,1,0,0,0,0,40,31,0,1830,138,0,0,0,0,1692,1306,0,7942,486,0,0,0,0,7456,5989,0,2,0,0,0,0,93,49,0
704513583,projects/0/704513583-9d5aaf2cf6cc3f01ac75ff8d636b0e5d0edf320e,ANGEL9000/AndyoBot-MD,9d5aaf2cf6cc3f01ac75ff8d636b0e5d0edf320e,1,2013,6327,1,1,0,0,0,0,1,1,0,2013,2013,0,0,0,0,2013,2013,0,6327,6327,0,0,0,0,6327,6327,0,2,0,0,0,0,20,27,0
756293663,projects/0/756293663-033782d8dd29cf2e5e529d23f2d7224790413c36,VitorSouza01/Masterclass-Visualizacao_de_Dados_Especial_Eleicoes,033782d8dd29cf2e5e529d23f2d7224790413c36,1,365,781,1,0,0,0,0,0,1,0,0,365,0,0,0,0,0,365,0,0,781,0,0,0,0,0,781,0,0,0,0,0,0,0,7,0,0
499776940,projects/0/499776940-7e1cf9e4106903255a9bd9dd27f4b8d6e766ba19,recht-op-lucht/recht-op-lucht-data,7e1cf9e4106903255a9bd9dd27f4b8d6e766ba19,5,503,2053,5,0,0,0,0,0,5,2,0,503,0,0,0,0,0,503,261,0,2053,0,0,0,0,0,2053,947,0,0,0,0,0,0,17,3,0
303326237,projects/0/303326237-0b87d1917493b32683f3f04c00fa9453eb884ec6,flyingtango/DiGCN,0b87d1917493b32683f3f04c00fa9453eb884ec6,9,1044,4613,9,0,0,0,0,0,8,9,0,1044,0,0,0,0,0,1033,1044,0,4613,0,0,0,0,0,4570,4613,0,0,0,0,0,0,51,42,0
136952143,projects/0/136952143-52f82b28284c0ee40833768bdd948757da2b0948,MiluchOK/ds,52f82b28284c0ee40833768bdd948757da2b0948,2,129,439,0,0,0,0,0,0,0,0,0,0,0,0,0,0,0,0,0,0,0,0,0,0,0,0,0,0,0,0,0,0,0,0,0,0,0
796069626,projects/0/796069626-9633869c866dad1997f7f84a0d8d96af8a3f4318,RTU-HPR/TTGO-recovery,9633869c866dad1997f7f84a0d8d96af8a3f4318,2,80,357,2,0,0,0,0,0,2,0,0,80,0,0,0,0,0,80,0,0,357,0,0,0,0,0,357,0,0,0,0,0,0,0,2,0,0
312859631,projects/0/312859631-1d7a6c9818ea8293bd6fd89714488dc0e87b1579,Harrisonsam932/Python,1d7a6c9818ea8293bd6fd89714488dc0e87b1579,551,16263,56200,326,0,0,0,1,0,222,230,0,12785,0,0,0,141,0,11089,9775,0,46180,0,0,0,364,0,40358,36526,0,0,0,0,1,0,280,429,0
525911494,projects/0/525911494-94a5bf42837b134b23fdd312d2c81ecbb3f2211f,Richardsan1/urnaEletronica,94a5bf42837b134b23fdd312d2c81ecbb3f2211f,21,685,2246,18,0,0,0,0,0,8,18,0,685,0,0,0,0,0,532,685,0,2246,0,0,0,0,0,1756,2246,0,0,0,0,0,0,10,25,0
501976990,projects/0/501976990-017c1f1ee0b231c9d2bb6a272fb4059919caa185,HiddeKanger/SCINet,017c1f1ee0b231c9d2bb6a272fb4059919caa185,29,3798,13458,25,0,0,0,0,0,25,19,0,3626,0,0,0,0,0,3626,3031,0,12893,0,0,0,0,0,12893,10271,0,0,0,0,0,0,75,48,0
156811415,projects/0/156811415-bd5dc4cf489bb43af842ccea924407d28b7cc997,mosho-p/CAPD,bd5dc4cf489bb43af842ccea924407d28b7cc997,8,377,1411,6,0,0,0,0,0,5,6,0,369,0,0,0,0,0,361,369,0,1389,0,0,0,0,0,1348,1389,0,0,0,0,0,0,15,21,0
271510471,projects/0/271510471-2386a1776fff521031fecca9d96ad28d82a72c44,mattcleigh/Reinforcement_Learning,2386a1776fff521031fecca9d96ad28d82a72c44,35,5912,25579,32,0,0,0,8,0,32,29,0,5912,0,0,0,1809,0,5912,5793,0,25579,0,0,0,8042,0,25579,25049,0,0,0,0,8,0,177,88,0
554421147,projects/0/554421147-ff18417120650df76bf6f8fe769cef2f3a66fc04,axiom-data-science/intake-axds,ff18417120650df76bf6f8fe769cef2f3a66fc04,9,2568,8787,9,0,0,0,0,0,7,9,0,2568,0,0,0,0,0,2256,2568,0,8787,0,0,0,0,0,8170,8787,0,0,0,0,0,0,15,28,0
413934025,projects/0/413934025-8999f364722f17b053a19010ea80a47a26bafc45,ogudal20/leetcode,8999f364722f17b053a19010ea80a47a26bafc45,28,766,2942,4,0,0,0,0,0,4,0,0,170,0,0,0,0,0,170,0,0,719,0,0,0,0,0,719,0,0,0,0,0,0,0,5,0,0
717269853,projects/0/717269853-c4d856261c71640f9f1792d7f1ef0ce84ee0830b,guyavrhm/nerfdome,c4d856261c71640f9f1792d7f1ef0ce84ee0830b,2,57,211,2,0,0,0,0,0,2,0,0,57,0,0,0,0,0,57,0,0,211,0,0,0,0,0,211,0,0,0,0,0,0,0,8,0,0
245495600,projects/0/245495600-0c0abe5ddaf7c80690582d4c14a53af2f0d35d7b,aydinnyunus/Keylogger,0c0abe5ddaf7c80690582d4c14a53af2f0d35d7b,1,145,482,1,0,0,0,0,0,1,1,0,145,0,0,0,0,0,145,145,0,482,0,0,0,0,0,482,482,0,0,0,0,0,0,10,7,0
646877766,projects/0/646877766-3025631c4d6a11ce3d159b81b5d3a5065aea1e63,smhassanerfani/ifmha,3025631c4d6a11ce3d159b81b5d3a5065aea1e63,1,54,257,1,0,0,0,0,0,1,1,0,54,0,0,0,0,0,54,54,0,257,0,0,0,0,0,257,257,0,0,0,0,0,0,3,1,0
15185904,projects/0/15185904-58c8b0bb531746491a2bb67136b2b1e60d7327b7,sh1r0/mmai-2013fall-project,58c8b0bb531746491a2bb67136b2b1e60d7327b7,4,442,1432,4,0,0,0,0,0,4,2,0,442,0,0,0,0,0,442,277,0,1432,0,0,0,0,0,1432,900,0,0,0,0,0,0,17,3,0
707139953,projects/0/707139953-3ba4baa889d13389bd898940d73c235882d6f2a8,Danie83/SoRe,3ba4baa889d13389bd898940d73c235882d6f2a8,32,1740,14942,26,0,0,0,0,0,13,25,0,1740,0,0,0,0,0,1503,1699,0,14942,0,0,0,0,0,5335,14788,0,0,0,0,0,0,23,63,0
613616469,projects/0/613616469-db6b98fce46840727e1e4b72e6e04f5eb3628bec,prometheusowner/RoboMaster-Hero,db6b98fce46840727e1e4b72e6e04f5eb3628bec,1,120,413,1,1,0,0,0,0,1,1,0,120,120,0,0,0,0,120,120,0,413,413,0,0,0,0,413,413,0,4,0,0,0,0,3,4,0
2378079,projects/0/2378079-0e934fa93867f9b6346ddfde6eddf643d14a7ceb,Yubico/python-pyhsm-dpkg,0e934fa93867f9b6346ddfde6eddf643d14a7ceb,57,8499,31811,51,5,0,0,0,0,51,20,0,8205,1570,0,0,0,0,8205,3413,0,30885,5948,0,0,0,0,30885,12784,0,9,0,0,0,0,260,24,0
769827248,projects/0/769827248-e41a141384973b85af67383163586b4ca0323525,GongXudong/fly-craft-examples,e41a141384973b85af67383163586b4ca0323525,42,5521,20734,37,0,1,1,1,0,36,37,0,5521,0,263,282,282,0,5501,5521,0,20734,0,934,1444,1444,0,20679,20734,0,0,1,4,4,0,161,289,0
93064894,projects/0/93064894-054bc024bdad3b1dcd01788e86df89a9cafbe167,LiLabAtVT/RegulatoryNetwork,054bc024bdad3b1dcd01788e86df89a9cafbe167,10,1496,7415,9,0,0,0,0,0,9,2,0,1495,0,0,0,0,0,1495,360,0,6223,0,0,0,0,0,6223,1509,0,0,0,0,0,0,29,7,0
93304682,projects/0/93304682-20104aa5f20cde02486d3143e5b3c341e8bf3b81,moming2k/TradingProjects,20104aa5f20cde02486d3143e5b3c341e8bf3b81,242,27117,104389,206,0,0,0,0,0,183,183,0,23294,0,0,0,0,0,22396,21787,0,91252,0,0,0,0,0,87175,85008,0,0,0,0,0,0,664,511,0
207985305,projects/0/207985305-6af325e29e20cefa9cf6b56a2f39d1739a168670,Espo99/Scuola,6af325e29e20cefa9cf6b56a2f39d1739a168670,16,764,2398,14,0,0,0,0,0,14,6,0,696,0,0,0,0,0,696,447,0,2230,0,0,0,0,0,2230,1472,0,0,0,0,0,0,25,10,0
95048959,projects/0/95048959-94b77454de448d33b30c5bb2c68dde84031d86ac,nicoleal88/datalogger-pao,94b77454de448d33b30c5bb2c68dde84031d86ac,5,924,3168,5,2,0,0,0,0,5,2,0,924,542,0,0,0,0,924,356,0,3168,1829,0,0,0,0,3168,1275,0,11,0,0,0,0,23,2,0
36094263,projects/0/36094263-37126c9cdb15328836973ecf0def1f8003dc6ed3,Nerevarsoul/cardtravel,37126c9cdb15328836973ecf0def1f8003dc6ed3,17,1304,4391,14,0,0,0,0,0,7,13,0,1304,0,0,0,0,0,527,1126,0,4391,0,0,0,0,0,1756,3862,0,0,0,0,0,0,12,59,0
1574322,projects/0/1574322-df315c803771dfd2cf94aa2956212c8f7cb9da0c,vim-scripts/UltraBlog,df315c803771dfd2cf94aa2956212c8f7cb9da0c,9,2231,9055,5,1,0,0,0,0,4,4,0,2180,1083,0,0,0,0,1990,2122,0,8935,4671,0,0,0,0,8232,8756,0,1,0,0,0,0,13,18,0
551783548,projects/0/551783548-77643d15659376066c01590f70e44f2fcd7bfdca,112523chen/NYC-Airbnb-Data-Visualization-App,77643d15659376066c01590f70e44f2fcd7bfdca,1,189,720,1,0,0,0,0,0,1,1,0,189,0,0,0,0,0,189,189,0,720,0,0,0,0,0,720,720,0,0,0,0,0,0,4,1,0
165497904,projects/0/165497904-982d5ef23fb1483adb2e72da9bab8c51a7c5b0fb,BRT-MSU/navigation,982d5ef23fb1483adb2e72da9bab8c51a7c5b0fb,6,915,4031,6,0,0,0,0,0,6,4,0,915,0,0,0,0,0,915,679,0,4031,0,0,0,0,0,4031,2895,0,0,0,0,0,0,16,11,0
753479556,projects/0/753479556-8f80914c6f0d640755e7612d39dcd1ddeacf74af,vaibhavagarwal19/my_project,8f80914c6f0d640755e7612d39dcd1ddeacf74af,35,1119,3262,29,0,0,0,0,0,7,29,0,1077,0,0,0,0,0,312,1077,0,3130,0,0,0,0,0,801,3130,0,0,0,0,0,0,9,67,0
131668687,projects/0/131668687-e40c1bc5e9097d6f95fce00dfbbeb6994857b959,HonKer-Dynamo/D-TECT,e40c1bc5e9097d6f95fce00dfbbeb6994857b959,8,3350,15829,7,2,0,0,0,0,5,7,0,3253,678,0,0,0,0,3085,3253,0,15563,4436,0,0,0,0,14866,15563,0,10,0,0,0,0,21,17,0
758196336,projects/0/758196336-e716f3b08b3690aa25caed5e6d9c3f2eec1d2c1a,aryan8292/Iniin,e716f3b08b3690aa25caed5e6d9c3f2eec1d2c1a,28,7310,30486,25,0,0,0,0,0,20,25,0,7049,0,0,0,0,0,6938,7049,0,29203,0,0,0,0,0,28808,29203,0,0,0,0,0,0,62,136,0
35843729,projects/0/35843729-b3974368f5b62e34b72ae36814fe2d47d868d2d5,lindaszabo/KNIFE,b3974368f5b62e34b72ae36814fe2d47d868d2d5,24,3728,23317,24,0,0,0,0,0,23,10,0,3728,0,0,0,0,0,3637,2582,0,23317,0,0,0,0,0,22905,16380,0,0,0,0,0,0,74,23,0
323139365,projects/0/323139365-9b22861e044f972716983859807004624ba75129,SundayFL/Federated-learning,9b22861e044f972716983859807004624ba75129,7,770,2713,7,0,0,0,0,0,7,7,0,770,0,0,0,0,0,770,770,0,2713,0,0,0,0,0,2713,2713,0,0,0,0,0,0,41,22,0
254615901,projects/0/254615901-063dcbc3a7a1bc1aa17b4ddb67044884b1fba8ea,tbaudier/radiotherapyCode,063dcbc3a7a1bc1aa17b4ddb67044884b1fba8ea,8,1385,7352,8,0,0,0,0,0,8,7,0,1385,0,0,0,0,0,1385,1348,0,7352,0,0,0,0,0,7352,7202,0,0,0,0,0,0,52,18,0
52958059,projects/0/52958059-5cf07fa27c1970344b1b38db20f17996e4f82287,SCM-NV/PLAMS,5cf07fa27c1970344b1b38db20f17996e4f82287,187,50463,224456,171,2,0,0,1,1,131,168,0,50092,472,0,0,1481,486,46206,49592,0,223193,2189,0,0,6981,2806,207186,221066,0,2,0,0,2,3,353,939,0
545601787,projects/0/545601787-172f1700a5d220ef3622c3f647afb3d001b33e05,anthonyp16/Prizepicks-Comparison-Tool,172f1700a5d220ef3622c3f647afb3d001b33e05,1,132,851,1,0,0,0,0,0,1,1,0,132,0,0,0,0,0,132,132,0,851,0,0,0,0,0,851,851,0,0,0,0,0,0,6,3,0
732045,projects/0/732045-b8eb1c0d41afe119c9029bf9ed280cd71eb0e01e,buriy/links-manager,b8eb1c0d41afe119c9029bf9ed280cd71eb0e01e,5,348,1247,4,1,0,0,0,0,4,2,0,348,108,0,0,0,0,348,153,0,1247,392,0,0,0,0,1247,557,0,1,0,0,0,0,6,6,0
639232693,projects/0/639232693-c3c782b7f47e924834dcea58b5dc8316f0f09c23,Dzyfhuba/image-comparison-histogram,c3c782b7f47e924834dcea58b5dc8316f0f09c23,1,31,111,1,0,0,0,0,0,1,1,0,31,0,0,0,0,0,31,31,0,111,0,0,0,0,0,111,111,0,0,0,0,0,0,2,1,0
599223516,projects/0/599223516-1f35a859ee8ade9315dd7eed43b6899ff02ab70c,Paulkelvin/alx-system_engineering-devops,1f35a859ee8ade9315dd7eed43b6899ff02ab70c,9,204,864,9,0,0,0,0,0,9,0,0,204,0,0,0,0,0,204,0,0,864,0,0,0,0,0,864,0,0,0,0,0,0,0,16,0,0
774372706,projects/0/774372706-6a582886aaa41dcb08edc98f4cd95865afc5c9ad,Uzls05/TUSUR-Digital-Academy,6a582886aaa41dcb08edc98f4cd95865afc5c9ad,26,483,1716,2,0,0,0,0,0,2,0,0,17,0,0,0,0,0,17,0,0,39,0,0,0,0,0,39,0,0,0,0,0,0,0,2,0,0
210605206,projects/0/210605206-69d6c0e46e2a4f7b081c15ae150647179a0c7e12,mennah4/DjangoGarages,69d6c0e46e2a4f7b081c15ae150647179a0c7e12,16,490,1481,13,0,0,0,0,0,5,12,0,490,0,0,0,0,0,261,316,0,1481,0,0,0,0,0,715,1062,0,0,0,0,0,0,7,35,0
624435067,projects/0/624435067-5814869a0fd9823c2aeaf51e2f533cddf6bd0e24,tsinghua-fib-lab/City-Camera-Trajectory-Data,5814869a0fd9823c2aeaf51e2f533cddf6bd0e24,20,6457,24583,20,6,0,0,0,0,20,19,0,6457,3287,0,0,0,0,6457,6440,0,24583,12079,0,0,0,0,24583,24529,0,15,0,0,0,0,111,110,0
115906006,projects/0/115906006-c605b66ae5d5e24d6d9db4c5249c1e6e52a0db6e,13517592731/worklog,c605b66ae5d5e24d6d9db4c5249c1e6e52a0db6e,567,171482,760314,532,19,1,15,17,1,404,378,2,165837,10788,811,13485,12596,125,153491,127293,240,680033,42320,3500,51006,46892,501,622389,497286,908,32,6,29,34,1,1409,1708,2
370608766,projects/0/370608766-c84a6f85b210dd991fd40e9bb7cc55f625a63c52,AlexanderNadjalin/ml_studio,c84a6f85b210dd991fd40e9bb7cc55f625a63c52,3,202,719,3,0,0,0,0,0,3,2,0,202,0,0,0,0,0,202,173,0,719,0,0,0,0,0,719,594,0,0,0,0,0,0,8,10,0
523067052,projects/0/523067052-5b5551e80a05c94bd418352eb4f4db1a78878362,msft-mirror-aosp/platform.prebuilts.clang.host.darwin-x86,5b5551e80a05c94bd418352eb4f4db1a78878362,9,3654,12084,9,0,0,0,0,0,9,6,0,3654,0,0,0,0,0,3654,1353,0,12084,0,0,0,0,0,12084,4290,0,0,0,0,0,0,87,18,0
753317408,projects/0/753317408-660477b4be72a400ea1b7bab55db1777a44a0aff,luisAlcides/massmessages,660477b4be72a400ea1b7bab55db1777a44a0aff,35,2194,8856,32,0,0,0,0,0,5,31,0,2152,0,0,0,0,0,276,2084,0,8729,0,0,0,0,0,832,8548,0,0,0,0,0,0,6,75,0
733111930,projects/0/733111930-731fe6ccd65a554d7da71ceac17538b4cd7295dc,Charan-Venkatesh/ml-projects,731fe6ccd65a554d7da71ceac17538b4cd7295dc,1,37,155,1,0,0,0,0,0,1,0,0,37,0,0,0,0,0,37,0,0,155,0,0,0,0,0,155,0,0,0,0,0,0,0,2,0,0
432550610,projects/0/432550610-487c771e831852e80d32987e3042e359097c628d,MurtadhaM/Powershell-Administration,487c771e831852e80d32987e3042e359097c628d,0,0,0,0,0,0,0,0,0,0,0,0,0,0,0,0,0,0,0,0,0,0,0,0,0,0,0,0,0,0,0,0,0,0,0,0,0,0
504874765,projects/0/504874765-6ebb5c104872a3f6b9e01131809054fbff0188f4,PushanAgrawal/My-blog,6ebb5c104872a3f6b9e01131809054fbff0188f4,2,238,885,2,0,0,0,0,0,0,2,0,238,0,0,0,0,0,0,238,0,885,0,0,0,0,0,0,885,0,0,0,0,0,0,0,19,0
346814310,projects/0/346814310-78a65159430372bebea3ad39ba2c3db75b673a11,Markku-P/VigenereCipherGUI,78a65159430372bebea3ad39ba2c3db75b673a11,16,883,2786,12,0,0,0,0,0,1,12,0,883,0,0,0,0,0,39,883,0,2786,0,0,0,0,0,126,2786,0,0,0,0,0,0,2,35,0
269485112,projects/0/269485112-3d379cdeee4863275584fe0abc642cafd86f688b,mitchelllin/spaceinvaders,3d379cdeee4863275584fe0abc642cafd86f688b,13,4796,22375,13,0,0,0,0,0,5,12,0,4796,0,0,0,0,0,2544,4663,0,22375,0,0,0,0,0,11568,21825,0,0,0,0,0,0,14,52,0
430866883,projects/0/430866883-79114a14eab8baca97b4af4715060c9786f2cd2f,neuromaxer/bab,79114a14eab8baca97b4af4715060c9786f2cd2f,4,204,516,4,0,0,0,0,0,3,4,0,204,0,0,0,0,0,186,204,0,516,0,0,0,0,0,480,516,0,0,0,0,0,0,6,18,0
126580266,projects/0/126580266-f6887a0c3e961131d49e38a55e1dd38edbbb4c9f,matiyau/IRis,f6887a0c3e961131d49e38a55e1dd38edbbb4c9f,6,1066,3512,4,2,0,0,0,0,4,4,0,931,743,0,0,0,0,931,931,0,3042,2433,0,0,0,0,3042,3042,0,18,0,0,0,0,13,9,0
175453478,projects/0/175453478-bda47811b3716e30175efeecd4d81740f67a3abe,poteminr/LunarLander-v2.0_solution,bda47811b3716e30175efeecd4d81740f67a3abe,16,991,2914,16,0,0,0,0,0,13,14,0,991,0,0,0,0,0,978,840,0,2914,0,0,0,0,0,2876,2341,0,0,0,0,0,0,35,41,0
426171485,projects/0/426171485-86146c627993542c2700c6be60bce2734d5d1656,amspector100/blip_sims,86146c627993542c2700c6be60bce2734d5d1656,23,3757,13115,23,0,0,0,0,0,22,19,0,3757,0,0,0,0,0,3748,3484,0,13115,0,0,0,0,0,13086,12093,0,0,0,0,0,0,114,73,0
863198586,projects/0/863198586-2f29d568c62bdc745e0ca844292a55844b2429b6,d4nny815/cpe453,2f29d568c62bdc745e0ca844292a55844b2429b6,2,16,46,0,0,0,0,0,0,0,0,0,0,0,0,0,0,0,0,0,0,0,0,0,0,0,0,0,0,0,0,0,0,0,0,0,0,0
44761153,projects/0/44761153-048d1a434063889c5013b9c30bbd381f90eaabbf,rockit-astro/vaisalad,048d1a434063889c5013b9c30bbd381f90eaabbf,2,122,441,2,0,0,0,0,0,1,2,0,122,0,0,0,0,0,103,122,0,441,0,0,0,0,0,322,441,0,0,0,0,0,0,1,2,0
508189870,projects/0/508189870-a4f706f0973977a3dd08692f3366943e882eaed8,skmn3/Algorithm,a4f706f0973977a3dd08692f3366943e882eaed8,13,116,383,0,0,0,0,0,0,0,0,0,0,0,0,0,0,0,0,0,0,0,0,0,0,0,0,0,0,0,0,0,0,0,0,0,0,0
205558994,projects/0/205558994-a53cc6fa41fb0fae37c85e9e4de772af2e326441,stryngs/officeTasks,a53cc6fa41fb0fae37c85e9e4de772af2e326441,6,447,1703,6,0,0,0,0,0,4,4,0,447,0,0,0,0,0,411,292,0,1703,0,0,0,0,0,1604,1037,0,0,0,0,0,0,10,10,0
3909359,projects/0/3909359-2c480162945d7120ac2c43bf5a348c7cf7cf3302,dandroid88/mywot-coverage,2c480162945d7120ac2c43bf5a348c7cf7cf3302,7,722,2957,5,0,0,0,0,0,4,5,0,722,0,0,0,0,0,598,722,0,2957,0,0,0,0,0,2528,2957,0,0,0,0,0,0,6,25,0
818428548,projects/0/818428548-6f802ce217cdccdeda43c937ecf012d6bd44d720,arellanon/Final,6f802ce217cdccdeda43c937ecf012d6bd44d720,14,3841,13006,14,0,0,0,0,0,14,14,0,3841,0,0,0,0,0,3841,3841,0,13006,0,0,0,0,0,13006,13006,0,0,0,0,0,0,75,172,0
48014031,projects/0/48014031-1cad26b6499352b1b282388f4f76bfb4b2b6b4fe,TheLastBanana/BrawlBracket,1cad26b6499352b1b282388f4f76bfb4b2b6b4fe,36,4836,15940,33,3,0,0,0,0,20,28,0,4833,951,0,0,0,0,3932,4544,0,15926,2806,0,0,0,0,12906,15065,0,3,0,0,0,0,40,134,0
249777071,projects/0/249777071-9617b11a29ebcaa96272ddd4c5bd4a1748c4234c,lora-aprs/LoRa_APRS_Tracker,9617b11a29ebcaa96272ddd4c5bd4a1748c4234c,3,91,310,3,0,0,0,0,0,2,2,0,91,0,0,0,0,0,70,70,0,310,0,0,0,0,0,242,252,0,0,0,0,0,0,4,2,0
218568067,projects/0/218568067-f11b8d23b4414afbaecc667868571b29d8dd52cc,danihodovic/cookiecutter-django-app,f11b8d23b4414afbaecc667868571b29d8dd52cc,11,146,379,6,0,0,0,0,0,2,6,0,141,0,0,0,0,0,53,141,0,361,0,0,0,0,0,151,361,0,0,0,0,0,0,4,9,0
253421728,projects/0/253421728-0a403a72304b0e15dde1650d97f8ceb72799ae7e,lexibank/tolmiebritishcolumbia,0a403a72304b0e15dde1650d97f8ceb72799ae7e,3,79,220,2,0,0,0,0,0,2,2,0,64,0,0,0,0,0,64,64,0,174,0,0,0,0,0,174,174,0,0,0,0,0,0,3,3,0
172214185,projects/0/172214185-5f0517f402129d85dbf4549a71c8e0db279c6583,sccp2020/defective-project,5f0517f402129d85dbf4549a71c8e0db279c6583,62,834,2877,28,0,0,0,0,0,28,28,0,543,0,0,0,0,0,543,543,0,1604,0,0,0,0,0,1604,1604,0,0,0,0,0,0,28,28,0
174745130,projects/0/174745130-f4fd0f17d3fd104e993729f9f6b4f4635cd9b55c,BrianDunneKK/ArcadeGames,f4fd0f17d3fd104e993729f9f6b4f4635cd9b55c,3,883,3238,3,0,0,0,0,0,3,0,0,883,0,0,0,0,0,883,0,0,3238,0,0,0,0,0,3238,0,0,0,0,0,0,0,9,0,0
571724756,projects/0/571724756-ee46c1b523b048d9056e35d410a431fa06e79cb0,justo340/alx-higher_level_programming,ee46c1b523b048d9056e35d410a431fa06e79cb0,151,3529,12735,52,0,0,0,0,0,32,36,0,1778,0,0,0,0,0,1214,1531,0,6646,0,0,0,0,0,4682,5849,0,0,0,0,0,0,48,87,0
227615738,projects/0/227615738-04dbc603408ac280651f1486e4a402403b54b4d2,tadpole-share/tadpole-algorithms,04dbc603408ac280651f1486e4a402403b54b4d2,58,4821,19013,50,0,0,0,0,0,48,41,0,4817,0,0,0,0,0,4793,4215,0,18977,0,0,0,0,0,18899,16314,0,0,0,0,0,0,134,149,0
264217673,projects/0/264217673-dd0f9194e1ffd6b8791d57e29210cc300072def9,hat-im/LA_Hamming,dd0f9194e1ffd6b8791d57e29210cc300072def9,3,244,1655,3,2,0,0,0,0,3,0,0,244,183,0,0,0,0,244,0,0,1655,1339,0,0,0,0,1655,0,0,5,0,0,0,0,7,0,0
323053883,projects/0/323053883-cbb0befc89f25070c9fd021f9fb56e6f4055a075,loverbabyz/TFBaseLib_iOS,cbb0befc89f25070c9fd021f9fb56e6f4055a075,2,118,651,2,0,0,0,0,0,2,1,0,118,0,0,0,0,0,118,106,0,651,0,0,0,0,0,651,547,0,0,0,0,0,0,6,1,0
749856901,projects/0/749856901-c4a4e12bed1bc8ce120dc9cb482de36dc3ff0666,mrzzy/ntucs,c4a4e12bed1bc8ce120dc9cb482de36dc3ff0666,2,140,462,2,0,0,0,0,0,2,0,0,140,0,0,0,0,0,140,0,0,462,0,0,0,0,0,462,0,0,0,0,0,0,0,6,0,0
670945198,projects/0/670945198-ad052f02ca30eee8794662c9b89a33561bbec558,ritterdo/spectralEIT,ad052f02ca30eee8794662c9b89a33561bbec558,43,5349,37115,40,0,0,0,0,0,30,35,0,5328,0,0,0,0,0,3483,5135,0,37085,0,0,0,0,0,14009,36226,0,0,0,0,0,0,84,105,0
237531964,projects/0/237531964-1c8eac48711aa9eeffc2ae37320c9a2b8ee3cb66,gwayne9955/MuseAI,1c8eac48711aa9eeffc2ae37320c9a2b8ee3cb66,3,156,725,3,0,0,0,0,0,2,3,0,156,0,0,0,0,0,137,156,0,725,0,0,0,0,0,675,725,0,0,0,0,0,0,6,14,0
243529190,projects/0/243529190-98d24ea245196aa63eedd7d00232ee2e23c42753,FranciscoLafuente/PFG,98d24ea245196aa63eedd7d00232ee2e23c42753,50,2968,9750,38,0,0,0,0,0,27,38,0,2954,0,0,0,0,0,2679,2954,0,9702,0,0,0,0,0,8890,9702,0,0,0,0,0,0,71,123,0
500452762,projects/0/500452762-87af18bfcf4cd32c0f301c921ee0e99543ecd654,kopsha/flip-master,87af18bfcf4cd32c0f301c921ee0e99543ecd654,6,837,2577,6,0,0,0,0,0,5,5,0,837,0,0,0,0,0,752,802,0,2577,0,0,0,0,0,2357,2483,0,0,0,0,0,0,13,27,0
259071077,projects/0/259071077-98e07eef4fb980e3cbe81dab4e3280e4c6ef9c7e,yash24shukla/tripaxel,98e07eef4fb980e3cbe81dab4e3280e4c6ef9c7e,16,316,945,13,0,0,0,0,0,4,12,0,316,0,0,0,0,0,187,182,0,945,0,0,0,0,0,512,604,0,0,0,0,0,0,5,23,0
287250849,projects/0/287250849-5c5eae5667b911742cadc7dc2808ff3e02b36872,geasyheart/ner-nlp,5c5eae5667b911742cadc7dc2808ff3e02b36872,28,2028,6494,22,0,0,0,0,0,21,18,0,2022,0,0,0,0,0,1986,1667,0,6482,0,0,0,0,0,6414,5290,0,0,0,0,0,0,44,63,0
174344975,projects/0/174344975-0185d3839d2656f01f8bb341a4e55531da204765,tarun0409/smai-assignment-7,0185d3839d2656f01f8bb341a4e55531da204765,2,236,955,2,0,0,0,0,0,2,2,0,236,0,0,0,0,0,236,236,0,955,0,0,0,0,0,955,955,0,0,0,0,0,0,10,4,0
459984481,projects/0/459984481-72b6b8c1211277e30afda31c2a8d986111b4c2f7,kevin123488/algorithm,72b6b8c1211277e30afda31c2a8d986111b4c2f7,481,15906,68514,330,26,0,0,0,0,316,96,0,12755,1460,0,0,0,0,12197,4973,0,54315,6529,0,0,0,0,52240,20861,0,33,0,0,0,0,335,110,0
183415752,projects/0/183415752-28704fb9600c06f29ec9b60efbaeba322efc3b2f,seyedalirezamanavi/QuantumMonteCarlo,28704fb9600c06f29ec9b60efbaeba322efc3b2f,4,502,2411,4,0,0,0,0,0,3,4,0,502,0,0,0,0,0,499,502,0,2411,0,0,0,0,0,2406,2411,0,0,0,0,0,0,8,6,0
681705533,projects/0/681705533-7ec7cd4367e927df95687f7cb399b918abec1045,song-chen1/song-chen1.github.io,7ec7cd4367e927df95687f7cb399b918abec1045,2,46,194,2,0,0,0,0,0,2,2,0,46,0,0,0,0,0,46,46,0,194,0,0,0,0,0,194,194,0,0,0,0,0,0,6,4,0
776394768,projects/0/776394768-4d4601ccca3d500b8570331e85cde47f1ad77dee,FishBottle7/sdsy_SU-DDPK,4d4601ccca3d500b8570331e85cde47f1ad77dee,1,203,1025,1,0,0,0,0,0,1,0,0,203,0,0,0,0,0,203,0,0,1025,0,0,0,0,0,1025,0,0,0,0,0,0,0,3,0,0
125464006,projects/0/125464006-c982776321e98beecfef24b3abf99ab84f2533cc,Gulksie/gulksie.github.io,c982776321e98beecfef24b3abf99ab84f2533cc,2,69,177,1,0,0,0,0,0,1,1,0,22,0,0,0,0,0,22,22,0,67,0,0,0,0,0,67,67,0,0,0,0,0,0,2,1,0
204183644,projects/0/204183644-5746cfeb4ed6d8721c94843351e565788d952376,energy-analytics-project/data-oasis-prc-mpm-nomogram-dam,5746cfeb4ed6d8721c94843351e565788d952376,6,637,2145,6,0,0,0,0,0,6,6,0,637,0,0,0,0,0,637,637,0,2145,0,0,0,0,0,2145,2145,0,0,0,0,0,0,38,19,0
572976940,projects/0/572976940-79094bd54c6bd78fcf2d852e08e0429a9d694191,angon1/plantapp,79094bd54c6bd78fcf2d852e08e0429a9d694191,17,210,555,12,0,0,0,0,0,6,11,0,210,0,0,0,0,0,112,186,0,555,0,0,0,0,0,294,482,0,0,0,0,0,0,7,23,0
417770404,projects/0/417770404-6c78fa7331a6a4c644d77277d6804dd0bdfb9756,zaaztt/bert_chinese_example,6c78fa7331a6a4c644d77277d6804dd0bdfb9756,11,5992,22704,10,0,0,0,0,0,9,10,0,5977,0,0,0,0,0,5971,5977,0,22607,0,0,0,0,0,22587,22607,0,0,0,0,0,0,55,28,0
248731786,projects/0/248731786-8ab23fb4a77c48ac11e64df579961a911545e04a,bharatrajput2409/learning-website,8ab23fb4a77c48ac11e64df579961a911545e04a,42,2401,8688,33,0,0,0,0,0,13,32,0,2401,0,0,0,0,0,1954,2261,0,8688,0,0,0,0,0,6990,8317,0,0,0,0,0,0,21,84,0
203158213,projects/0/203158213-a76401137d245cfe7cf773667342f7e32deba7c0,jskinn/dso-python,a76401137d245cfe7cf773667342f7e32deba7c0,1,131,438,1,0,0,0,0,0,1,1,0,131,0,0,0,0,0,131,131,0,438,0,0,0,0,0,438,438,0,0,0,0,0,0,5,2,0
792774828,projects/0/792774828-a9c9edf89407b7797280c8eb811b2739106a68d0,JYPJUN/python_bgm,a9c9edf89407b7797280c8eb811b2739106a68d0,1,55,145,1,0,0,0,0,0,1,0,0,55,0,0,0,0,0,55,0,0,145,0,0,0,0,0,145,0,0,0,0,0,0,0,3,0,0
699429620,projects/0/699429620-42a17efd4f1a1a6baf21f61d9df68b3358827731,SeragAmged/alx-higher_level_programming,42a17efd4f1a1a6baf21f61d9df68b3358827731,113,2147,7632,30,0,0,0,0,0,25,14,0,584,0,0,0,0,0,520,226,0,2230,0,0,0,0,0,2008,880,0,0,0,0,0,0,31,34,0
18227681,projects/0/18227681-014a55dd0289612b6849e11fafcf3f682d4cbe81,sushantwason/WhatsappGroupAnalysis,014a55dd0289612b6849e11fafcf3f682d4cbe81,1,201,681,1,0,0,0,0,0,1,1,0,201,0,0,0,0,0,201,201,0,681,0,0,0,0,0,681,681,0,0,0,0,0,0,3,1,0
769338129,projects/0/769338129-f92cd0941ed68c6bb4d27d3a67292776ee69d5c8,botirk38/GuardianAI,f92cd0941ed68c6bb4d27d3a67292776ee69d5c8,6,284,1065,6,0,0,0,0,0,6,5,0,284,0,0,0,0,0,284,271,0,1065,0,0,0,0,0,1065,1018,0,0,0,0,0,0,15,13,0
195856593,projects/0/195856593-4e369fd90310b2982a1b03267c40cb5832c914f4,svsannidhay/competitive-programming,4e369fd90310b2982a1b03267c40cb5832c914f4,1,39,123,1,0,0,0,0,0,1,1,0,39,0,0,0,0,0,39,39,0,123,0,0,0,0,0,123,123,0,0,0,0,0,0,1,1,0
193845953,projects/0/193845953-95d11187a4c9a79b1e49cec07d381611b30d6cbb,snkaushal/infooverflow-dj-react,95d11187a4c9a79b1e49cec07d381611b30d6cbb,28,437,1254,22,0,0,0,0,0,5,21,0,437,0,0,0,0,0,246,279,0,1254,0,0,0,0,0,656,867,0,0,0,0,0,0,6,33,0
774658177,projects/0/774658177-fbbf1d9183ba4f97cd46a187768ecff527c0265e,Agwebberley/Py_StarUML,fbbf1d9183ba4f97cd46a187768ecff527c0265e,2,442,1572,1,0,0,0,0,0,1,0,0,442,0,0,0,0,0,442,0,0,1572,0,0,0,0,0,1572,0,0,0,0,0,0,0,4,0,0
753660192,projects/0/753660192-42cdbb80223795fe7273e5ef0f91cfb4c1aad242,diazpuem/MMVAE-client,42cdbb80223795fe7273e5ef0f91cfb4c1aad242,33,598,1680,26,0,0,0,0,0,7,25,0,598,0,0,0,0,0,237,588,0,1680,0,0,0,0,0,743,1664,0,0,0,0,0,0,12,40,0
597103069,projects/0/597103069-7f1c9507f7cfbec302d0d3b91f179cced468e9c9,dbmi-bgm/cgap-pipeline-hartwig,7f1c9507f7cfbec302d0d3b91f179cced468e9c9,6,678,2094,6,0,0,0,0,0,6,4,0,678,0,0,0,0,0,678,570,0,2094,0,0,0,0,0,2094,1790,0,0,0,0,0,0,11,4,0
74888768,projects/0/74888768-c227cbcc841a28f36bf31f0665bf84c69472524a,HarrySonghurst/Playing-Falldown-with-a-DQN,c227cbcc841a28f36bf31f0665bf84c69472524a,5,516,2432,5,0,0,0,0,0,4,5,0,516,0,0,0,0,0,462,516,0,2432,0,0,0,0,0,1980,2432,0,0,0,0,0,0,15,13,0
536231361,projects/0/536231361-d943684b7d8973f67df13b5319810d473ec7f7bf,ybenkirane/PHYS512,d943684b7d8973f67df13b5319810d473ec7f7bf,36,4252,18135,36,0,0,0,0,0,36,26,0,4252,0,0,0,0,0,4252,2770,0,18135,0,0,0,0,0,18135,11912,0,0,0,0,0,0,93,28,0
88963431,projects/0/88963431-e1084d2b70a5eb841b3ea25dd92bb5b1554d989d,rolfheil/oaccd_plugin,e1084d2b70a5eb841b3ea25dd92bb5b1554d989d,2,114,515,2,0,0,0,0,0,2,2,0,114,0,0,0,0,0,114,114,0,515,0,0,0,0,0,515,515,0,0,0,0,0,0,4,2,0
568208455,projects/0/568208455-e2ccf1502a6c938023aff0d7e43c981c9d997aef,Don-de-padlo/SmartParts,e2ccf1502a6c938023aff0d7e43c981c9d997aef,16,918,3394,16,0,0,0,0,0,12,12,0,918,0,0,0,0,0,858,814,0,3394,0,0,0,0,0,3182,2998,0,0,0,0,0,0,20,46,0
253473003,projects/0/253473003-be85b1f5cf3fcaffbcc3e3e60aaab5169b4bc5fd,BlueSu007/Test,be85b1f5cf3fcaffbcc3e3e60aaab5169b4bc5fd,5,123,228,0,0,0,0,0,0,0,0,0,0,0,0,0,0,0,0,0,0,0,0,0,0,0,0,0,0,0,0,0,0,0,0,0,0,0
536689930,projects/0/536689930-072a4fc7fc1f9b7e70c33ffcd1a998a26bd1f6a7,22ayaan/image_ML,072a4fc7fc1f9b7e70c33ffcd1a998a26bd1f6a7,3,425,1546,3,0,0,0,0,0,3,3,0,425,0,0,0,0,0,425,425,0,1546,0,0,0,0,0,1546,1546,0,0,0,0,0,0,20,12,0
848643009,projects/0/848643009-f230a1526758b2f3d3a305668bc4b250a38c2586,LongBaoCoder2/rectik,f230a1526758b2f3d3a305668bc4b250a38c2586,61,4515,16967,44,0,0,0,0,0,24,42,0,4022,0,0,0,0,0,3484,3882,0,15486,0,0,0,0,0,13418,14906,0,0,0,0,0,0,69,148,0
119746944,projects/0/119746944-6d41586e159a386211e826ed477fd7a2a0d21022,LLNL/caliper-examples,6d41586e159a386211e826ed477fd7a2a0d21022,6,711,2562,5,0,0,0,0,0,5,3,0,711,0,0,0,0,0,711,432,0,2562,0,0,0,0,0,2562,1478,0,0,0,0,0,0,10,3,0
598602837,projects/0/598602837-53359d71cfabc819ffaa571abd2cef736c871a5d,jasonkyuyim/se3_diffusion,53359d71cfabc819ffaa571abd2cef736c871a5d,97,30133,113255,92,1,0,3,0,0,89,74,0,30083,1637,0,48,0,0,30020,28198,0,113081,4823,0,207,0,0,112903,101562,0,1,0,3,0,0,387,305,0
795083825,projects/0/795083825-7f7fc8aef374c8f449b2c19668ccb9c962542165,flexycode/CCOBJPGL-PY,7f7fc8aef374c8f449b2c19668ccb9c962542165,20,236,653,11,0,0,0,0,0,0,11,0,124,0,0,0,0,0,0,124,0,336,0,0,0,0,0,0,336,0,0,0,0,0,0,0,16,0
779351820,projects/0/779351820-f3fec0c4458470e7263275e7576327668799bec1,nicholas-denis/ppi-testing,f3fec0c4458470e7263275e7576327668799bec1,306,61289,228810,306,0,0,0,0,0,306,102,0,61289,0,0,0,0,0,61289,24280,0,228810,0,0,0,0,0,228810,76082,0,0,0,0,0,0,3317,340,0
638687141,projects/0/638687141-93840890e105563f35799a0aa98cecb8d45a5222,Talismar/devteamtask-back,93840890e105563f35799a0aa98cecb8d45a5222,77,3484,11315,59,0,0,0,0,0,17,58,0,3466,0,0,0,0,0,1235,3404,0,11196,0,0,0,0,0,4118,10916,0,0,0,0,0,0,25,235,0
316082699,projects/0/316082699-128b340379afe8bdcde34966c44070eb934ad3ae,PolarBearXBK/fastpages,128b340379afe8bdcde34966c44070eb934ad3ae,5,66,385,4,0,0,0,0,0,4,3,0,66,0,0,0,0,0,66,59,0,385,0,0,0,0,0,385,346,0,0,0,0,0,0,4,9,0
586931033,projects/0/586931033-a152e43fb81d7b8c58724071fc14f12c3d185eef,oolong-tea-is-bad/my_leetcode_solutions,a152e43fb81d7b8c58724071fc14f12c3d185eef,28,685,2058,0,0,0,0,0,0,0,0,0,0,0,0,0,0,0,0,0,0,0,0,0,0,0,0,0,0,0,0,0,0,0,0,0,0,0
368606966,projects/0/368606966-26f249831e16cb46923620a07dcecdecd5db24f6,Devika-Sahu/hostel-management-website,26f249831e16cb46923620a07dcecdecd5db24f6,1,375,1745,1,0,0,0,0,0,1,1,0,375,0,0,0,0,0,375,375,0,1745,0,0,0,0,0,1745,1745,0,0,0,0,0,0,2,6,0
90484881,projects/0/90484881-b9c35412b3174807613a795eaa57df87c135d111,pro1710/leetcode,b9c35412b3174807613a795eaa57df87c135d111,1,27,65,1,0,0,0,0,0,1,0,0,27,0,0,0,0,0,27,0,0,65,0,0,0,0,0,65,0,0,0,0,0,0,0,2,0,0
104538249,projects/0/104538249-402f2bd85297b77286e476d03bac8a7a3541200e,SamuelHaidu/OMAP,402f2bd85297b77286e476d03bac8a7a3541200e,17,9160,41869,17,1,0,1,0,0,12,17,0,9160,7212,0,7212,0,0,8964,9160,0,41869,33839,0,33839,0,0,41223,41869,0,2,0,1,0,0,33,117,0
260699254,projects/0/260699254-92d7309ab88460200aa439a8624b10cbd4497ebf,luolongfei/qzone-spider,92d7309ab88460200aa439a8624b10cbd4497ebf,1,570,1744,1,0,0,0,0,0,1,1,0,570,0,0,0,0,0,570,570,0,1744,0,0,0,0,0,1744,1744,0,0,0,0,0,0,14,11,0
785813686,projects/0/785813686-f3711e321f2beb8d696e2f1faeafbebd3a941ba3,ahsan123-png/TeliChat,f3711e321f2beb8d696e2f1faeafbebd3a941ba3,38,781,2489,31,0,0,0,0,0,7,31,0,781,0,0,0,0,0,276,781,0,2489,0,0,0,0,0,756,2489,0,0,0,0,0,0,8,75,0
147286861,projects/0/147286861-a5b879fa5f69f003aa0794c76e080b636c00ffef,sean85914/husky_strawberry,a5b879fa5f69f003aa0794c76e080b636c00ffef,15,1501,6720,15,0,0,0,0,0,12,13,0,1501,0,0,0,0,0,1490,1205,0,6720,0,0,0,0,0,6692,5243,0,0,0,0,0,0,50,33,0
22212692,projects/0/22212692-f0854cf0a2b9f420d9d298a996ab5b1302172370,cms-externals/blackhat,f0854cf0a2b9f420d9d298a996ab5b1302172370,4,718,2682,4,0,0,0,0,0,4,1,0,718,0,0,0,0,0,718,163,0,2682,0,0,0,0,0,2682,794,0,0,0,0,0,0,20,2,0
283087339,projects/0/283087339-90f5f1c9ebe4494feac4c4dedc8d3738c275358f,ydf0509/pyqt5demo,90f5f1c9ebe4494feac4c4dedc8d3738c275358f,6,1019,5157,6,0,0,0,0,0,5,2,0,1019,0,0,0,0,0,601,920,0,5157,0,0,0,0,0,2219,4780,0,0,0,0,0,0,15,11,0
824684248,projects/0/824684248-5788f7489a80e7035cffa97c3f4809bfd2a9a542,morlandi/django-htmx-forms,5788f7489a80e7035cffa97c3f4809bfd2a9a542,24,590,1772,18,0,0,0,0,0,6,18,0,589,0,0,0,0,0,332,589,0,1768,0,0,0,0,0,981,1768,0,0,0,0,0,0,9,38,0
546606809,projects/0/546606809-75f025acceff6a259a353ff33154db3879471d65,Chxnedu/Cloud-Resume-Challenge-AWS-BACKEND,75f025acceff6a259a353ff33154db3879471d65,1,42,61,1,0,0,0,0,0,1,0,0,42,0,0,0,0,0,42,0,0,61,0,0,0,0,0,61,0,0,0,0,0,0,0,2,0,0
554076952,projects/0/554076952-a0e6be04cf1f95ef01f37f21d9938e25fe69a549,Elesdes/4IABD_DL,a0e6be04cf1f95ef01f37f21d9938e25fe69a549,10,547,1983,7,0,0,0,0,0,6,6,0,513,0,0,0,0,0,511,504,0,1897,0,0,0,0,0,1889,1885,0,0,0,0,0,0,17,15,0
815147212,projects/0/815147212-d4518e1dc365d7d3c9de027e6dc4f092d818f909,Bigenlight/Capstone_communication,d4518e1dc365d7d3c9de027e6dc4f092d818f909,24,1360,5023,18,2,0,0,0,0,16,16,0,1360,814,0,0,0,0,1313,1352,0,5023,2931,0,0,0,0,4923,4985,0,10,0,0,0,0,26,24,0
145699663,projects/0/145699663-4543b374e65b7e74490188494283f6fa96f80fb4,mkrechetov/sdpdw,4543b374e65b7e74490188494283f6fa96f80fb4,4,510,1851,4,0,0,0,0,0,4,3,0,510,0,0,0,0,0,510,489,0,1851,0,0,0,0,0,1851,1760,0,0,0,0,0,0,13,7,0
247951741,projects/0/247951741-23e903876f11e3c74db1b1d668defd088a666950,Stack-Box/stackbox,23e903876f11e3c74db1b1d668defd088a666950,15,654,2133,14,0,0,0,0,0,8,11,0,631,0,0,0,0,0,341,487,0,2084,0,0,0,0,0,1190,1510,0,0,0,0,0,0,14,30,0
617024457,projects/0/617024457-ccbaef4ef632497e12bcde841c3864a433543a7d,matheusalsilva98/programacao_aplicada_IME_grupo_3,ccbaef4ef632497e12bcde841c3864a433543a7d,16,3547,16348,11,0,0,0,0,1,3,11,0,3547,0,0,0,0,63,691,3547,0,16348,0,0,0,0,202,2994,16348,0,0,0,0,0,1,5,32,0
19737918,projects/0/19737918-d9e815bcf65ba23f30b10331d142da3c20ced35e,maremaremare/nashaletopis,d9e815bcf65ba23f30b10331d142da3c20ced35e,87,3607,16211,68,0,0,0,0,0,11,68,0,3518,0,0,0,0,0,559,3518,0,15887,0,0,0,0,0,1977,15887,0,0,0,0,0,0,15,212,0
662620713,projects/0/662620713-f62758c59c5315ea2f64dff443fe517dd091f825,artziga/tantra-kazan,f62758c59c5315ea2f64dff443fe517dd091f825,101,3326,10919,78,0,0,0,0,0,24,78,0,3326,0,0,0,0,0,1744,3326,0,10919,0,0,0,0,0,5885,10919,0,0,0,0,0,0,38,294,0
26958278,projects/0/26958278-63ebf8a5852025f28f6f75a289040c4985ab8199,kostyaGL/kostyaGL,63ebf8a5852025f28f6f75a289040c4985ab8199,24,869,3806,4,0,0,0,0,0,3,1,0,173,0,0,0,0,0,98,75,0,782,0,0,0,0,0,489,293,0,0,0,0,0,0,3,1,0
52528387,projects/0/52528387-098f6ec7498ff378455728592e11c7862b7c78fb,schlichtanders/pyparsing_regex,098f6ec7498ff378455728592e11c7862b7c78fb,8,1205,5123,8,0,0,0,0,0,6,7,0,1205,0,0,0,0,0,1143,844,0,5123,0,0,0,0,0,4811,3566,0,0,0,0,0,0,17,15,0
664605024,projects/0/664605024-82e9aa9d1656d371aca11fda11432512cf2118d9,DeyanVNikolov/adventora,82e9aa9d1656d371aca11fda11432512cf2118d9,81,4688,18950,69,0,0,0,0,0,17,68,0,4688,0,0,0,0,0,3535,4491,0,18950,0,0,0,0,0,15028,18162,0,0,0,0,0,0,54,157,0
280766239,projects/0/280766239-8759796c5d49a567ad9c80288484030da65a9bca,trv-in-3d/OctoPrint-Lpt,8759796c5d49a567ad9c80288484030da65a9bca,2,410,1753,2,1,0,0,0,0,2,2,0,410,314,0,0,0,0,410,410,0,1753,1281,0,0,0,0,1753,1753,0,2,0,0,0,0,7,4,0
372531249,projects/0/372531249-e4e0519e679758a946b2d49e97e5db34965b2368,glauke1996/airbnb-clone,e4e0519e679758a946b2d49e97e5db34965b2368,5723,1389287,5154542,4921,178,17,59,52,4,2549,4608,10,1322698,115006,28417,54872,49342,1124,934999,1270742,10673,4913280,448564,108030,210884,180132,4658,3616987,4701390,41368,352,22,96,89,4,9261,19108,13
439012474,projects/0/439012474-c1bcb05c25cd2ecec7dd726d55d30606b6b5c99b,StudyLions/StudyLion-Plugin-GUI,c1bcb05c25cd2ecec7dd726d55d30606b6b5c99b,26,7029,21608,23,2,0,0,0,0,18,23,0,6988,285,0,0,0,0,6783,6988,0,21539,965,0,0,0,0,20901,21539,0,2,0,0,0,0,55,124,0
744552767,projects/0/744552767-e767eafc6e3d471e890e706c6bb9865aee66d9be,kirayomato/vtb_dynamic_push,e767eafc6e3d471e890e706c6bb9865aee66d9be,6,1339,5682,6,2,0,0,0,0,6,6,0,1339,271,0,0,0,0,1339,1339,0,5682,889,0,0,0,0,5682,5682,0,5,0,0,0,0,20,36,0
210826671,projects/0/210826671-99e04a2fb334b3d65e330d76589ccffe010f6772,alejandrocepeda/react-native-front,99e04a2fb334b3d65e330d76589ccffe010f6772,0,0,0,0,0,0,0,0,0,0,0,0,0,0,0,0,0,0,0,0,0,0,0,0,0,0,0,0,0,0,0,0,0,0,0,0,0,0
136317362,projects/0/136317362-789d758050561aa4d5108bdcd1f53a6e0022e5d9,WeiPhil/acg2018,789d758050561aa4d5108bdcd1f53a6e0022e5d9,1,145,554,1,0,0,0,0,0,1,0,0,145,0,0,0,0,0,145,0,0,554,0,0,0,0,0,554,0,0,0,0,0,0,0,3,0,0
282881935,projects/0/282881935-f654c0da87cfc09847417902ad77f7bbd161eeb5,YashIndane/Rubiks-Cube-Assistant,f654c0da87cfc09847417902ad77f7bbd161eeb5,6,598,1812,5,2,0,0,0,0,5,2,0,576,425,0,0,0,0,576,120,0,1721,1269,0,0,0,0,1721,387,0,2,0,0,0,0,17,9,0
584904548,projects/0/584904548-e094a1078659c72db9312877a6fdddb2fac3644f,EkaterinaPikhovkina/pollution-control-app,e094a1078659c72db9312877a6fdddb2fac3644f,23,1057,3471,18,0,0,0,0,0,10,18,0,1052,0,0,0,0,0,809,1052,0,3457,0,0,0,0,0,2689,3457,0,0,0,0,0,0,14,40,0
5150796,projects/0/5150796-7bf57176a3deb1c2315780917c1b35ce31441252,CyanogenMod/sony-kernel-msm8660,7bf57176a3deb1c2315780917c1b35ce31441252,20,3732,13955,20,6,0,0,0,0,18,11,0,3732,2471,0,0,0,0,3587,1746,0,13955,9567,0,0,0,0,13529,6103,0,18,0,0,0,0,44,27,0
608683352,projects/0/608683352-d29bb9f3035c232b531cfae314f1a023f6ba73a1,seba2390/RandomizedAlgorithms2023,d29bb9f3035c232b531cfae314f1a023f6ba73a1,2,154,614,1,0,0,0,0,0,1,1,0,154,0,0,0,0,0,154,154,0,614,0,0,0,0,0,614,614,0,0,0,0,0,0,1,1,0
582630707,projects/0/582630707-1a8356481d76537ce5cc7d008400ff52e06d2fd0,nishalahmedpk/journalappwithtkinter,1a8356481d76537ce5cc7d008400ff52e06d2fd0,1,232,1109,1,1,0,0,0,0,1,1,0,232,232,0,0,0,0,232,232,0,1109,1109,0,0,0,0,1109,1109,0,2,0,0,0,0,2,3,0
798588261,projects/0/798588261-601dc21de1cd7fc92235ae92fb372cbebf4c2ce2,rikiitokazu/AllNBA,601dc21de1cd7fc92235ae92fb372cbebf4c2ce2,6,600,2129,6,0,0,0,0,0,5,4,0,600,0,0,0,0,0,574,556,0,2129,0,0,0,0,0,2058,1980,0,0,0,0,0,0,12,24,0
333092731,projects/0/333092731-4537f81aa14ee061beb1ead469791428176a1677,fredffsixty/Medical_Imaging,4537f81aa14ee061beb1ead469791428176a1677,18,1075,4407,8,0,0,0,0,0,8,1,0,928,0,0,0,0,0,928,14,0,3953,0,0,0,0,0,3953,53,0,0,0,0,0,0,18,1,0
89341689,projects/0/89341689-7c2b451de5a14366471682ebb5631455083da36e,zwx-zsy/jkxc,7c2b451de5a14366471682ebb5631455083da36e,25,1919,7567,17,0,0,0,0,0,12,15,0,1874,0,0,0,0,0,1577,1759,0,5978,0,0,0,0,0,4867,5592,0,0,0,0,0,0,31,63,0
197959392,projects/0/197959392-b0211eba64e8000b10a9298d23dee1630c2c7516,rbk/Inspire-API,b0211eba64e8000b10a9298d23dee1630c2c7516,2,51,134,2,0,0,0,0,0,2,1,0,51,0,0,0,0,0,51,46,0,134,0,0,0,0,0,134,121,0,0,0,0,0,0,2,1,0
45085894,projects/0/45085894-89784791f90e7a3015dc7541ec2bdf313a4d4547,Gedankenn/Python,89784791f90e7a3015dc7541ec2bdf313a4d4547,133,11577,43327,90,0,0,0,0,0,82,42,0,8299,0,0,0,0,0,7461,5602,0,31612,0,0,0,0,0,28192,22403,0,0,0,0,0,0,167,123,0
10032267,projects/0/10032267-27434c803ae5e85a9927ccae35ceb1c0e343c9ad,pexip/os-syslog-ng,27434c803ae5e85a9927ccae35ceb1c0e343c9ad,213,15078,64691,158,5,0,2,8,0,81,138,0,13909,630,0,88,922,0,7751,12790,0,58624,2417,0,386,3856,0,32821,51515,0,10,0,2,9,0,129,395,0
128550446,projects/0/128550446-5cfed81a411ba894687a332888571dd99d580d5a,sbroboticsteam/cullen-misc,5cfed81a411ba894687a332888571dd99d580d5a,4,1042,4780,4,2,0,0,0,0,4,2,0,1042,822,0,0,0,0,1042,822,0,4780,3967,0,0,0,0,4780,3967,0,20,0,0,0,0,24,8,0
18889170,projects/0/18889170-f2e8464c8809a54cf30d3c61dc89f3782a6d8d47,snacktavish/gapsim,f2e8464c8809a54cf30d3c61dc89f3782a6d8d47,2,312,1213,2,0,0,0,0,0,2,1,0,312,0,0,0,0,0,312,269,0,1213,0,0,0,0,0,1213,1024,0,0,0,0,0,0,9,1,0
212045520,projects/0/212045520-7358d4c9774cdf506db91c49d4cdcb9eca0f15f1,1sh1vam/Cab-Fare-Prediciton,7358d4c9774cdf506db91c49d4cdcb9eca0f15f1,1,783,1740,1,0,0,0,0,0,1,1,0,783,0,0,0,0,0,783,783,0,1740,0,0,0,0,0,1740,1740,0,0,0,0,0,0,6,6,0
520846038,projects/0/520846038-a750b8260d6e66fb68a9dbffc934cfd52dbdce29,nikhilv2k01/Api,a750b8260d6e66fb68a9dbffc934cfd52dbdce29,17,1355,4107,14,0,0,0,0,0,5,14,0,1355,0,0,0,0,0,845,1355,0,4107,0,0,0,0,0,2507,4107,0,0,0,0,0,0,7,43,0
656856561,projects/0/656856561-6eab9a0cdb59ff525fcba6e8c7cec9af98276c29,ManuScript07/USE_Informatics,6eab9a0cdb59ff525fcba6e8c7cec9af98276c29,980,12674,51340,366,0,0,0,0,0,2,366,0,4937,0,0,0,0,0,45,4937,0,18961,0,0,0,0,0,131,18961,0,0,0,0,0,0,2,373,0
633589373,projects/0/633589373-a0736a919063e76822e020db005ee3a335631961,d3b-center/fw-gear-extract-slide-metadata,a0736a919063e76822e020db005ee3a335631961,7,587,3074,6,0,0,0,0,0,5,4,0,578,0,0,0,0,0,569,242,0,3045,0,0,0,0,0,3020,790,0,0,0,0,0,0,15,12,0
395489511,projects/0/395489511-f2778df71dcc8e11d9879d89c2212f88a5d8231f,Josh5/unmanic.plugin.postprocessor_script,f2778df71dcc8e11d9879d89c2212f88a5d8231f,1,163,620,1,0,0,0,0,0,1,1,0,163,0,0,0,0,0,163,163,0,620,0,0,0,0,0,620,620,0,0,0,0,0,0,4,1,0
738533483,projects/0/738533483-89d9bd48403eb853def24c18ff515879f419f539,filipbal/auto-flash,89d9bd48403eb853def24c18ff515879f419f539,4,1099,4282,4,0,0,0,0,0,4,4,0,1099,0,0,0,0,0,1099,1099,0,4282,0,0,0,0,0,4282,4282,0,0,0,0,0,0,11,8,0
622911978,projects/0/622911978-30c835a45912d37282ca792f5bd85f77628c15b3,neerojstha/restaurant-booking,30c835a45912d37282ca792f5bd85f77628c15b3,22,861,2690,19,0,0,0,0,0,10,17,0,861,0,0,0,0,0,554,825,0,2690,0,0,0,0,0,1699,2555,0,0,0,0,0,0,19,31,0
375634720,projects/0/375634720-449bb366ae848426a4fdc2126fd6b2cd7d550dda,aloicerains/alx-system_engineering-devops,449bb366ae848426a4fdc2126fd6b2cd7d550dda,7,218,786,7,0,0,0,0,0,7,0,0,218,0,0,0,0,0,218,0,0,786,0,0,0,0,0,786,0,0,0,0,0,0,0,19,0,0
297431998,projects/0/297431998-886d89b58efcb4d14c378f7ff150b20df2fa547d,cysk92/ck-demo,886d89b58efcb4d14c378f7ff150b20df2fa547d,1,68,225,1,0,0,0,0,0,1,1,0,68,0,0,0,0,0,68,68,0,225,0,0,0,0,0,225,225,0,0,0,0,0,0,3,1,0
368245615,projects/0/368245615-71d0fceba52f7d47ec297e3f65ae4579390acc75,LaraMarusic/Orozarna,71d0fceba52f7d47ec297e3f65ae4579390acc75,3,216,532,3,0,0,0,0,0,3,2,0,216,0,0,0,0,0,216,190,0,532,0,0,0,0,0,532,451,0,0,0,0,0,0,7,2,0
80158769,projects/0/80158769-627e22018a59b9e9e697800ff7bfef2f79f0e725,lettis/entropical,627e22018a59b9e9e697800ff7bfef2f79f0e725,2,45,140,2,0,0,0,0,0,2,1,0,45,0,0,0,0,0,45,25,0,140,0,0,0,0,0,140,79,0,0,0,0,0,0,8,1,0
159794304,projects/0/159794304-8425a31f11e87aa959768f0416f1a862531c0e45,JamesWoolfenden/terraform-aws-codecommit,8425a31f11e87aa959768f0416f1a862531c0e45,1,9,46,1,0,0,0,0,0,0,1,0,9,0,0,0,0,0,0,9,0,46,0,0,0,0,0,0,46,0,0,0,0,0,0,0,4,0
441550146,projects/0/441550146-deff6e0aa6e851d7eb4f3f74e534ca00ce7d9a70,amish1706/SRGAN,deff6e0aa6e851d7eb4f3f74e534ca00ce7d9a70,3,317,1313,3,0,0,0,0,0,3,2,0,317,0,0,0,0,0,317,276,0,1313,0,0,0,0,0,1313,1139,0,0,0,0,0,0,11,8,0
711867685,projects/0/711867685-fd6ef379edcc9cfa082092d7830bf8e366ae6ed9,achrefjaziri/CracktalConcreteSimulator,fd6ef379edcc9cfa082092d7830bf8e366ae6ed9,16,22280,319164,13,0,0,0,0,0,13,6,0,22280,0,0,0,0,0,22280,21540,0,319164,0,0,0,0,0,319164,315863,0,0,0,0,0,0,43,23,0
533602602,projects/0/533602602-b2b30b7fccd627f694b9482995ece823f9a9b738,akatsuki-v2/users-service,b2b30b7fccd627f694b9482995ece823f9a9b738,54,3161,9986,44,0,0,0,0,0,10,42,0,3161,0,0,0,0,0,994,3071,0,9986,0,0,0,0,0,3164,9551,0,0,0,0,0,0,13,265,0
1846117,projects/0/1846117-f918c999ee41406db74697f79c45f43b36f5b9ad,pierce403/hashbounty,f918c999ee41406db74697f79c45f43b36f5b9ad,69,8118,31611,57,2,0,0,0,0,29,51,0,7713,81,0,0,0,0,4384,6850,0,30018,228,0,0,0,0,16919,26140,0,2,0,0,0,0,48,191,0
409423814,projects/0/409423814-1b3730ff389272387f1237e8c8953e9ca2324792,savio-2-lopes/Simple-Flask-Encryption-Ciphers,1b3730ff389272387f1237e8c8953e9ca2324792,5,286,803,5,0,0,0,0,0,5,3,0,286,0,0,0,0,0,286,151,0,803,0,0,0,0,0,803,419,0,0,0,0,0,0,6,8,0
804885733,projects/0/804885733-69ba257f1f90e89d6a84f20342de3d9307a4396e,JudithEllyn/VirTAXA,69ba257f1f90e89d6a84f20342de3d9307a4396e,4,1836,8322,4,0,0,0,0,0,4,4,0,1836,0,0,0,0,0,1836,1836,0,8322,0,0,0,0,0,8322,8322,0,0,0,0,0,0,34,14,0
306182118,projects/0/306182118-61a967b23a40be884097c0bd9aca1579a1583f15,ryanhausen/morpheus-deblend,61a967b23a40be884097c0bd9aca1579a1583f15,17,5908,19808,14,1,0,0,0,0,13,13,0,5879,665,0,0,0,0,5850,5859,0,19593,2134,0,0,0,0,19402,19547,0,1,0,0,0,0,67,61,0
241260955,projects/0/241260955-1f5476a55aa610d4a2d03b6c8ba30855b114f77c,MZY996/SES2020spring,1f5476a55aa610d4a2d03b6c8ba30855b114f77c,6,334,1326,5,0,0,0,0,0,5,1,0,296,0,0,0,0,0,296,31,0,1136,0,0,0,0,0,1136,145,0,0,0,0,0,0,14,2,0
848803517,projects/0/848803517-623aa2e6cea37c86bf17029a36f42456bcd5259c,ArcaneDreams/python-arcanedreams-common,623aa2e6cea37c86bf17029a36f42456bcd5259c,11,117,320,3,1,0,0,0,0,1,3,0,113,75,0,0,0,0,75,113,0,301,202,0,0,0,0,202,301,0,2,0,0,0,0,2,7,0
709526922,projects/0/709526922-6a3129c44b29ac8df201a7670cac7d054e4c4d07,Prakrithi-P/incrnaspa_backend,6a3129c44b29ac8df201a7670cac7d054e4c4d07,17,544,10706,14,0,0,0,0,0,6,14,0,544,0,0,0,0,0,385,544,0,10706,0,0,0,0,0,10064,10706,0,0,0,0,0,0,13,26,0
355966498,projects/0/355966498-73b98ceb92cd9639da210da14f1bb0e02946f846,VSPW-dataset/VSPW_code,73b98ceb92cd9639da210da14f1bb0e02946f846,17,2190,9154,15,0,0,0,0,0,15,11,0,2190,0,0,0,0,0,2190,1351,0,9154,0,0,0,0,0,9154,5638,0,0,0,0,0,0,61,27,0
809703966,projects/0/809703966-4e02a48b0a1ac452dc373e3c1af9d3c78fdc5715,Naol86/Go,4e02a48b0a1ac452dc373e3c1af9d3c78fdc5715,1,44,244,1,0,0,0,0,0,1,0,0,44,0,0,0,0,0,44,0,0,244,0,0,0,0,0,244,0,0,0,0,0,0,0,1,0,0
243835548,projects/0/243835548-8dfb08247d66b39e0c50b1c66458b2e467d4bb76,levenberg/2D-3D-pose-tracking,8dfb08247d66b39e0c50b1c66458b2e467d4bb76,37,1883,7283,30,0,0,0,0,0,25,24,0,1838,0,0,0,0,0,1828,1215,0,7137,0,0,0,0,0,7106,4687,0,0,0,0,0,0,93,51,0
9266700,projects/0/9266700-be6b8592dc376de13596ee30de48225b12382761,adetaylor/codeclub-python-chatroom,be6b8592dc376de13596ee30de48225b12382761,4,79,233,3,0,0,0,0,0,2,2,0,69,0,0,0,0,0,54,48,0,208,0,0,0,0,0,169,142,0,0,0,0,0,0,4,4,0
236106118,projects/0/236106118-bc3d775578dfde06cfdec4a778f02a1e4bf97c49,NickSto/plotting,bc3d775578dfde06cfdec4a778f02a1e4bf97c49,8,1415,6810,7,0,0,0,0,0,7,3,0,1415,0,0,0,0,0,1415,846,0,6810,0,0,0,0,0,6810,3941,0,0,0,0,0,0,39,3,0
762750762,projects/0/762750762-d6374525bdabcd97b54d9d15131d9994ddfe9f8d,das-projects/AIForge,d6374525bdabcd97b54d9d15131d9994ddfe9f8d,354,27918,92668,303,0,1,1,1,0,95,301,0,27796,0,82,303,303,0,15345,27761,0,92335,0,213,1107,1107,0,54489,92164,0,0,1,5,7,0,212,1566,0
73321465,projects/0/73321465-63a2fce9b78ee9ab2252ee13e01e3c1da59aefc9,jian-mo/Artificial_life,63a2fce9b78ee9ab2252ee13e01e3c1da59aefc9,3,70,222,3,0,0,0,0,0,3,1,0,70,0,0,0,0,0,70,21,0,222,0,0,0,0,0,222,82,0,0,0,0,0,0,5,2,0
537341235,projects/0/537341235-1fb6bd7ae2c3e4e604314e7bfcb2c3a967cc252d,calmzzc/ChengDu_SAC,1fb6bd7ae2c3e4e604314e7bfcb2c3a967cc252d,16,4269,19008,15,0,0,0,0,0,15,10,0,4253,0,0,0,0,0,4253,2729,0,18966,0,0,0,0,0,18966,12170,0,0,0,0,0,0,69,47,0
28974596,projects/0/28974596-63430378fa1015e2a3ca3682b22081b894cc4a06,pchampin/intro-js,63430378fa1015e2a3ca3682b22081b894cc4a06,1,293,1229,1,0,0,0,0,0,1,0,0,293,0,0,0,0,0,293,0,0,1229,0,0,0,0,0,1229,0,0,0,0,0,0,0,3,0,0
500063611,projects/0/500063611-ae0fa12eea16dfac9988580b5b25943fa6dd5e5a,seraphys10/100days_of_Python,ae0fa12eea16dfac9988580b5b25943fa6dd5e5a,8,175,599,3,0,0,0,0,0,2,3,0,91,0,0,0,0,0,39,91,0,365,0,0,0,0,0,178,365,0,0,0,0,0,0,2,4,0
691667049,projects/0/691667049-a5cabbaec023f8401d67ffda38b01f06745e6042,NTIA/FMS,a5cabbaec023f8401d67ffda38b01f06745e6042,3,467,1842,3,0,0,0,0,0,2,2,0,467,0,0,0,0,0,466,416,0,1842,0,0,0,0,0,1835,1645,0,0,0,0,0,0,8,2,0
413763884,projects/0/413763884-da775a99c22c2a34e2fbc230730ebf43abbb1319,bombsquad02420/blender-addon,da775a99c22c2a34e2fbc230730ebf43abbb1319,2,824,3183,2,0,0,0,0,0,2,2,0,824,0,0,0,0,0,824,824,0,3183,0,0,0,0,0,3183,3183,0,0,0,0,0,0,8,9,0
350159632,projects/0/350159632-f860dfba2f462538cd8c046366bc512555dfb0fc,cescvietnam/IT2020.CH1402,f860dfba2f462538cd8c046366bc512555dfb0fc,6,446,1901,6,0,0,0,0,0,6,4,0,446,0,0,0,0,0,446,396,0,1901,0,0,0,0,0,1901,1746,0,0,0,0,0,0,21,9,0
611619532,projects/0/611619532-bdc6ece7739db7e1509ec0654a101fd524cc494b,Saborni-B/Software-Engineering-Project-A,bdc6ece7739db7e1509ec0654a101fd524cc494b,21,958,3531,17,0,0,0,0,0,17,13,0,881,0,0,0,0,0,881,783,0,3248,0,0,0,0,0,3248,2864,0,0,0,0,0,0,42,16,0
7693670,projects/0/7693670-88c1792fef078be03c7750c632a1b661d798ed0d,engenmt/permpy,88c1792fef078be03c7750c632a1b661d798ed0d,37,5181,18859,33,0,0,0,0,0,14,31,0,5053,0,0,0,0,0,3955,4737,0,18434,0,0,0,0,0,14505,17467,0,0,0,0,0,0,31,80,0
493705892,projects/0/493705892-802213931d5c3274b6369bec5112c8ec88b99362,arithPMNS/low_memory_efficient_PMNS,802213931d5c3274b6369bec5112c8ec88b99362,2,147,117,0,0,0,0,0,0,0,0,0,0,0,0,0,0,0,0,0,0,0,0,0,0,0,0,0,0,0,0,0,0,0,0,0,0,0
537375788,projects/0/537375788-922ba07775e7c9022bc98d3b63244bd96c39d87d,olehskip/pp_lab,922ba07775e7c9022bc98d3b63244bd96c39d87d,16,1979,7153,15,1,0,0,0,0,9,15,0,1978,19,0,0,0,0,1801,1978,0,7151,40,0,0,0,0,6490,7151,0,1,0,0,0,0,17,53,0
167462926,projects/0/167462926-57d3b32b2b25905fa48a6964833b2e7af3bb8b2f,Gonz8088/ITEC3312,57d3b32b2b25905fa48a6964833b2e7af3bb8b2f,45,1596,6420,15,0,0,0,0,0,11,5,0,580,0,0,0,0,0,419,191,0,2210,0,0,0,0,0,1587,731,0,0,0,0,0,0,12,6,0
424180384,projects/0/424180384-ea6bcb7df8b780e3a4c384d44bb71c0991e73663,miu200521358/vroid2pmx,ea6bcb7df8b780e3a4c384d44bb71c0991e73663,35,10453,34668,28,0,0,0,0,0,25,26,0,10435,0,0,0,0,0,10340,10348,0,34636,0,0,0,0,0,34130,34394,0,0,0,0,0,0,98,92,0
167717410,projects/0/167717410-e8d94a8bc2c6f67c565e6fcfe2ef19ce029de0ec,wiedehopf/graphs1090,e8d94a8bc2c6f67c565e6fcfe2ef19ce029de0ec,3,847,2547,3,0,0,0,0,0,3,1,0,847,0,0,0,0,0,847,761,0,2547,0,0,0,0,0,2547,2267,0,0,0,0,0,0,9,3,0
520552226,projects/0/520552226-8de628b88dfcf987c7b2b19514792dffe28ae83b,Wilcolab/Anythink-Market-bnq0j,8de628b88dfcf987c7b2b19514792dffe28ae83b,0,0,0,0,0,0,0,0,0,0,0,0,0,0,0,0,0,0,0,0,0,0,0,0,0,0,0,0,0,0,0,0,0,0,0,0,0,0
531845069,projects/0/531845069-af473a50878e8cd9fb576ba084be82e928adcd2d,pcdi/cambridge_core_downloader,af473a50878e8cd9fb576ba084be82e928adcd2d,1,309,976,1,0,0,0,0,0,1,1,0,309,0,0,0,0,0,309,309,0,976,0,0,0,0,0,976,976,0,0,0,0,0,0,6,6,0
622848191,projects/0/622848191-1b822a3073f9caba3d21eb9a9c16b56b466b2473,AabyssZG/Web-SurvivalScan,1b822a3073f9caba3d21eb9a9c16b56b466b2473,2,385,1584,2,2,0,0,0,0,1,2,0,385,385,0,0,0,0,205,385,0,1584,1584,0,0,0,0,872,1584,0,2,0,0,0,0,6,9,0
821519595,projects/0/821519595-fedf615817c7677539b656f85e635f5f2c15b0f8,Infant-Neuromotor-Control-Lab/pa-calc,fedf615817c7677539b656f85e635f5f2c15b0f8,3,2187,10813,2,2,0,0,0,0,2,2,0,2147,2147,0,0,0,0,2147,2147,0,10538,10538,0,0,0,0,10538,10538,0,49,0,0,0,0,14,4,0
251214700,projects/0/251214700-7ea1c6504609be6bfe40a3c6af17c02433acffa2,maninagaraj24/sample-python,7ea1c6504609be6bfe40a3c6af17c02433acffa2,29,738,2588,26,0,0,0,0,0,25,3,0,699,0,0,0,0,0,693,138,0,2507,0,0,0,0,0,2495,456,0,0,0,0,0,0,49,4,0
413859306,projects/0/413859306-fc8c058707cb985b223c027d730baf2463c80e55,Chambo1804/PetProject,fc8c058707cb985b223c027d730baf2463c80e55,17,386,1198,14,0,0,0,0,0,4,14,0,386,0,0,0,0,0,109,386,0,1198,0,0,0,0,0,331,1198,0,0,0,0,0,0,5,23,0
162785318,projects/0/162785318-b81e9cbe6cf3dec2d20d5285120ade04e7fddb65,anaypaul/Codeforces,b81e9cbe6cf3dec2d20d5285120ade04e7fddb65,38,611,1946,1,0,0,0,0,0,1,0,0,34,0,0,0,0,0,34,0,0,94,0,0,0,0,0,94,0,0,0,0,0,0,0,2,0,0
499363252,projects/0/499363252-94ae51d06266d146789656e63224cb9a686ae30a,ssekuwanda/MoviesBack,94ae51d06266d146789656e63224cb9a686ae30a,48,1020,3087,41,0,0,0,0,0,9,41,0,1020,0,0,0,0,0,393,1020,0,3087,0,0,0,0,0,1262,3087,0,0,0,0,0,0,11,91,0
228180500,projects/0/228180500-5f57d59e2702133b08921706d01b80a7c9084681,conghieu1998/ReactHooks,5f57d59e2702133b08921706d01b80a7c9084681,0,0,0,0,0,0,0,0,0,0,0,0,0,0,0,0,0,0,0,0,0,0,0,0,0,0,0,0,0,0,0,0,0,0,0,0,0,0
684077642,projects/0/684077642-3cc6989d6ccbeaca4b5813ef06d1b226057d6a8d,JaehwaYoum/leetcode,3cc6989d6ccbeaca4b5813ef06d1b226057d6a8d,210,9024,27049,83,0,0,0,0,0,53,35,0,4205,0,0,0,0,0,2897,1612,0,12670,0,0,0,0,0,8845,4685,0,0,0,0,0,0,59,35,0
202793843,projects/0/202793843-1e301010bd340b35714e80b3a43b83368344ebb1,gabfr/work-around-the-world,1e301010bd340b35714e80b3a43b83368344ebb1,26,2371,6866,25,2,0,0,0,0,14,24,0,1921,414,0,0,0,0,1471,1621,0,5356,1119,0,0,0,0,4071,4542,0,13,0,0,0,0,22,109,0
223771894,projects/0/223771894-5adaa36e5a135d6fcdfa9780d99dbff9321f85ba,Gambikus/Olympiad-assistant,5adaa36e5a135d6fcdfa9780d99dbff9321f85ba,6,943,5802,5,0,0,0,0,0,5,3,0,932,0,0,0,0,0,932,809,0,5719,0,0,0,0,0,5719,5299,0,0,0,0,0,0,15,7,0
615839144,projects/0/615839144-82072c55869eced41de96d42350c38ff6170f99d,AyonRRahman/marine_mechatronics,82072c55869eced41de96d42350c38ff6170f99d,15,6313,21846,15,11,0,0,0,0,15,13,0,6313,6135,0,0,0,0,6313,6289,0,21846,21182,0,0,0,0,21846,21762,0,711,0,0,0,0,109,172,0
385718294,projects/0/385718294-3126196356e4d9166f3eadb0913b0a6fb5747cf9,nidhinnaushad/snake,3126196356e4d9166f3eadb0913b0a6fb5747cf9,1,55,164,1,0,0,0,0,0,0,1,0,55,0,0,0,0,0,0,55,0,164,0,0,0,0,0,0,164,0,0,0,0,0,0,0,3,0
752678549,projects/0/752678549-b4ae5976b355e3a6c58c2ba20dfa01c68c0609ab,KoJIbaca/LiferAppMobile,b4ae5976b355e3a6c58c2ba20dfa01c68c0609ab,8,536,1978,8,0,0,0,0,0,2,8,0,536,0,0,0,0,0,270,536,0,1978,0,0,0,0,0,990,1978,0,0,0,0,0,0,2,45,0
354035294,projects/0/354035294-929da5de2bf7dd667a405a0bbb43bd135d7bbdfe,vlazar83/dailyReadings,929da5de2bf7dd667a405a0bbb43bd135d7bbdfe,4,338,1422,4,0,0,0,0,0,4,2,0,338,0,0,0,0,0,338,132,0,1422,0,0,0,0,0,1422,611,0,0,0,0,0,0,6,2,0
48007807,projects/0/48007807-4bd840b20f69728564507dc11d32e897eb154888,RamonAguilar-lpsr/class-samples,4bd840b20f69728564507dc11d32e897eb154888,12,572,1875,5,0,0,0,0,0,5,1,0,308,0,0,0,0,0,308,23,0,770,0,0,0,0,0,770,104,0,0,0,0,0,0,5,1,0
189317492,projects/0/189317492-d35231cfc3e45a765f34d463778fc8a0deb3ffe6,jonas-werner/jenkinstest,d35231cfc3e45a765f34d463778fc8a0deb3ffe6,3,257,957,3,0,0,0,0,0,3,2,0,257,0,0,0,0,0,257,194,0,957,0,0,0,0,0,957,689,0,0,0,0,0,0,11,2,0
5626777,projects/0/5626777-8a7b6ec52cbc5144fd264be47e2be89c5c10fa6d,yajirobee/tpch,8a7b6ec52cbc5144fd264be47e2be89c5c10fa6d,18,2602,11998,18,0,0,0,0,0,18,15,0,2602,0,0,0,0,0,2602,2275,0,11998,0,0,0,0,0,11998,10459,0,0,0,0,0,0,39,20,0
601641062,projects/0/601641062-a542d21aa75ad7baffb739ac11eca6ec0f86ec8d,Answed/Solution-Collection,a542d21aa75ad7baffb739ac11eca6ec0f86ec8d,8,764,2386,5,0,0,0,0,0,5,0,0,699,0,0,0,0,0,699,0,0,2159,0,0,0,0,0,2159,0,0,0,0,0,0,0,8,0,0
314546654,projects/0/314546654-7c5afe73e607e581c8ba8e24f30bc8dc73a3bded,Aleksipa/Lukuvinkkisovellus,7c5afe73e607e581c8ba8e24f30bc8dc73a3bded,12,1333,4746,10,0,0,0,0,0,3,10,0,1333,0,0,0,0,0,275,1333,0,4746,0,0,0,0,0,1049,4746,0,0,0,0,0,0,3,35,0
644665796,projects/0/644665796-62d0a7cdbf354b691898825116b69c2cd4ed8566,GohYuJin/OptimalQT,62d0a7cdbf354b691898825116b69c2cd4ed8566,4,852,3507,4,0,0,0,0,0,4,1,0,852,0,0,0,0,0,852,318,0,3507,0,0,0,0,0,3507,1237,0,0,0,0,0,0,16,7,0
596763056,projects/0/596763056-cfcad4fc4486cdd96c464def3594c17b40a632a8,jake780/StatsProject,cfcad4fc4486cdd96c464def3594c17b40a632a8,2,259,975,2,0,0,0,0,0,2,2,0,259,0,0,0,0,0,259,259,0,975,0,0,0,0,0,975,975,0,0,0,0,0,0,2,2,0
132297953,projects/0/132297953-2aef5c5e5ff248a5daded3a23d0e8153a33fa700,ruanchao2012/pygame,2aef5c5e5ff248a5daded3a23d0e8153a33fa700,6,658,2441,6,1,0,0,0,0,6,6,0,658,137,0,0,0,0,658,658,0,2441,496,0,0,0,0,2441,2441,0,3,0,0,0,0,8,7,0
122632821,projects/0/122632821-6598369dd5c1026fa0737ec037199ee0bf68bb68,ericvmueller/sensor_software,6598369dd5c1026fa0737ec037199ee0bf68bb68,8,879,3437,8,0,0,0,0,0,8,5,0,879,0,0,0,0,0,879,765,0,3437,0,0,0,0,0,3437,3046,0,0,0,0,0,0,23,12,0
168947128,projects/0/168947128-c218cacaeda9480b25b05c441f3ba1f51e7155ad,ProjektEva/platform_vendor_eva,c218cacaeda9480b25b05c441f3ba1f51e7155ad,4,637,2923,4,0,0,0,0,0,4,3,0,637,0,0,0,0,0,637,495,0,2923,0,0,0,0,0,2923,2383,0,0,0,0,0,0,16,4,0
551158870,projects/0/551158870-ed5f434cf5b7fc1768d8fe3ba4d9e057bf4d4441,xypage/CSE111_Flashcards,ed5f434cf5b7fc1768d8fe3ba4d9e057bf4d4441,4,1479,4260,3,0,0,0,0,0,3,2,0,1438,0,0,0,0,0,1438,1277,0,4005,0,0,0,0,0,4005,3315,0,0,0,0,0,0,5,11,0
691601003,projects/0/691601003-c9e629440e15a0619a186f88b998dd76631e6613,LivioDino/network-of-containers-Ecommerce,c9e629440e15a0619a186f88b998dd76631e6613,41,5488,20296,38,12,0,0,0,0,36,36,0,5431,2632,0,0,0,0,5402,5307,0,20121,9435,0,0,0,0,20032,19581,0,13,0,0,0,0,136,67,0
666430617,projects/0/666430617-aff6e322bc3feba2575cd522cc24cbdea17e985a,ok-doc-proyecto/okdoc-backend,aff6e322bc3feba2575cd522cc24cbdea17e985a,28,795,2655,23,0,0,0,0,0,7,23,0,795,0,0,0,0,0,313,795,0,2655,0,0,0,0,0,1243,2655,0,0,0,0,0,0,13,53,0
290652690,projects/0/290652690-7cd2577d3a0c61c0b827dbf9dc4f88d4dd803390,j1mmyson/RandomAugmentation,7cd2577d3a0c61c0b827dbf9dc4f88d4dd803390,1,128,412,1,0,0,0,0,0,1,1,0,128,0,0,0,0,0,128,128,0,412,0,0,0,0,0,412,412,0,0,0,0,0,0,8,5,0
195377353,projects/0/195377353-437a9bab8d50e5432bc3f6ec46470873468bc7ea,zhermin/Tivlon,437a9bab8d50e5432bc3f6ec46470873468bc7ea,9,944,4999,9,0,0,0,0,0,9,5,0,944,0,0,0,0,0,944,380,0,4999,0,0,0,0,0,4999,2095,0,0,0,0,0,0,31,5,0
681308983,projects/0/681308983-300883c0797ba50471f8f7d6dbe104f26cfa59ee,BaoFrancisNguyen/Bloc3,300883c0797ba50471f8f7d6dbe104f26cfa59ee,5,520,1743,4,0,0,0,0,0,4,3,0,520,0,0,0,0,0,520,387,0,1743,0,0,0,0,0,1743,1354,0,0,0,0,0,0,10,3,0
567590800,projects/0/567590800-051b92412a559b78bb757a70f78ece8daecaf9b4,Filbert-code/TribalwarsAutomation,051b92412a559b78bb757a70f78ece8daecaf9b4,4,306,1390,3,0,0,0,0,0,2,3,0,306,0,0,0,0,0,270,306,0,1390,0,0,0,0,0,1221,1390,0,0,0,0,0,0,8,20,0
807357939,projects/0/807357939-91d34d0a2e676f1748faccdc95ec5ec3f9d5b51e,achlmang/AgriWeatherStation,91d34d0a2e676f1748faccdc95ec5ec3f9d5b51e,2,67,215,2,0,0,0,0,0,1,1,0,67,0,0,0,0,0,57,10,0,215,0,0,0,0,0,192,23,0,0,0,0,0,0,3,1,0
579058858,projects/0/579058858-6a4465bcbd0883d433e7ac62d374f6cd4c741f8d,nivalderramas/lda,6a4465bcbd0883d433e7ac62d374f6cd4c741f8d,2,244,893,2,0,0,0,0,0,2,2,0,244,0,0,0,0,0,244,244,0,893,0,0,0,0,0,893,893,0,0,0,0,0,0,8,6,0
599180214,projects/0/599180214-ace4b60e01f71611e4e56d26df3271c143a2ce04,adivaste/DJ-Blog,ace4b60e01f71611e4e56d26df3271c143a2ce04,35,1127,3286,29,0,0,0,0,0,14,29,0,1120,0,0,0,0,0,543,1120,0,3270,0,0,0,0,0,1254,3270,0,0,0,0,0,0,15,59,0
489513172,projects/0/489513172-259a50039bfc612e632531674740e43c74c6f1f3,Indicio-tech/aries-acapy-cache-redis,259a50039bfc612e632531674740e43c74c6f1f3,11,722,2273,9,0,0,0,0,0,8,7,0,711,0,0,0,0,0,701,629,0,2255,0,0,0,0,0,2229,1967,0,0,0,0,0,0,25,34,0
705808146,projects/0/705808146-3c97957b5281a6f5cfb8064b732fa81a5ec00577,AnonymousSubmission100/OPVI,3c97957b5281a6f5cfb8064b732fa81a5ec00577,15,5098,34055,14,0,0,0,0,0,14,12,0,5065,0,0,0,0,0,5065,4781,0,33712,0,0,0,0,0,33712,31811,0,0,0,0,0,0,44,28,0
572429576,projects/0/572429576-85a8f4bb2f4aafad3b71fe3da4916afa8626a767,sslaats/surprisal,85a8f4bb2f4aafad3b71fe3da4916afa8626a767,14,1402,5922,13,0,0,0,0,0,12,11,0,1359,0,0,0,0,0,1306,1269,0,5779,0,0,0,0,0,5488,5419,0,0,0,0,0,0,78,27,0
532102506,projects/0/532102506-b5e303319796f812f3163091abcb849dbeaaf4c7,AvenCores/HZF-Tk-Clock,b5e303319796f812f3163091abcb849dbeaaf4c7,4,60,275,4,0,0,0,0,0,1,4,0,60,0,0,0,0,0,20,60,0,275,0,0,0,0,0,100,275,0,0,0,0,0,0,1,6,0
689486244,projects/0/689486244-c8384f36fa9e29742cf87a4db0a1b20c2a40fec3,Agile-System-Analysis-Class/base-project,c8384f36fa9e29742cf87a4db0a1b20c2a40fec3,42,2153,7748,28,0,0,0,0,0,9,28,0,2153,0,0,0,0,0,990,2153,0,7748,0,0,0,0,0,3565,7748,0,0,0,0,0,0,12,132,0
313757791,projects/0/313757791-6693ec5035e2fc8fd8873b5b484dc6a75b0b6686,twcarbone/covid_scraper,6693ec5035e2fc8fd8873b5b484dc6a75b0b6686,12,1017,3381,10,0,0,0,0,0,7,7,0,959,0,0,0,0,0,857,823,0,3248,0,0,0,0,0,2982,2845,0,0,0,0,0,0,13,18,0
146314474,projects/0/146314474-6a14567a64764f5a4de4469478d80b82cfb6d8eb,rpaisner/qbb2018-answers,6a14567a64764f5a4de4469478d80b82cfb6d8eb,40,1791,6164,40,0,0,0,0,0,40,4,0,1791,0,0,0,0,0,1791,286,0,6164,0,0,0,0,0,6164,945,0,0,0,0,0,0,131,6,0
585805004,projects/0/585805004-93cbd83704a295d2b066b797d1eb508b7c6755f7,YuanGao-YG/TOENet,93cbd83704a295d2b066b797d1eb508b7c6755f7,2,258,1208,2,0,0,0,0,0,2,2,0,258,0,0,0,0,0,258,258,0,1208,0,0,0,0,0,1208,1208,0,0,0,0,0,0,9,4,0
460422470,projects/0/460422470-ef68e80f5326a2ddc078f83f4ce82667715efe00,hjalte33/Novo-Rotator,ef68e80f5326a2ddc078f83f4ce82667715efe00,3,641,4177,3,0,0,0,0,0,3,1,0,641,0,0,0,0,0,641,373,0,4177,0,0,0,0,0,4177,2743,0,0,0,0,0,0,11,1,0
219358777,projects/0/219358777-89544408c863a03adf38fdf268aca62dbdba6a9a,Salomari1987/chatterbox-vuejs,89544408c863a03adf38fdf268aca62dbdba6a9a,13,248,818,10,0,0,0,0,0,4,9,0,248,0,0,0,0,0,198,123,0,818,0,0,0,0,0,595,492,0,0,0,0,0,0,5,12,0
265942500,projects/0/265942500-1d26d5d344feafb7e436ba0107b14aa874e8925a,garces09/video-streaming,1d26d5d344feafb7e436ba0107b14aa874e8925a,6,599,2105,5,0,0,0,0,0,5,5,0,574,0,0,0,0,0,574,574,0,2037,0,0,0,0,0,2037,2037,0,0,0,0,0,0,6,10,0
253648045,projects/0/253648045-1590311620d6d03d1d8e1b6abe1966da4c8550ed,drobotun/gostcrypto,1590311620d6d03d1d8e1b6abe1966da4c8550ed,28,6812,34178,24,1,0,0,0,0,11,24,0,6361,390,0,0,0,0,3013,6361,0,32178,1948,0,0,0,0,15536,32178,0,1,0,0,0,0,27,74,0
460931700,projects/0/460931700-71d472d83844744294c0fc8a1449b7b7a92e9a14,LWBJ/VSEApp-django,71d472d83844744294c0fc8a1449b7b7a92e9a14,30,820,2530,25,0,0,0,0,0,6,25,0,820,0,0,0,0,0,270,820,0,2530,0,0,0,0,0,780,2530,0,0,0,0,0,0,8,51,0
41018972,projects/0/41018972-7cb08e8e0d3322825f2f964158a80f5ff3727fcc,mbr/remand,7cb08e8e0d3322825f2f964158a80f5ff3727fcc,45,5450,17476,43,0,0,0,0,0,31,43,0,5409,0,0,0,0,0,4823,5409,0,17360,0,0,0,0,0,15617,17360,0,0,0,0,0,0,77,162,0
698249416,projects/0/698249416-64b5cd9f999607ad8ce4aaf9da38597884abcf1f,Pratibha0123/FarmPicked,64b5cd9f999607ad8ce4aaf9da38597884abcf1f,39,842,2375,33,0,0,0,0,0,1,33,0,842,0,0,0,0,0,22,842,0,2375,0,0,0,0,0,74,2375,0,0,0,0,0,0,2,39,0
47884642,projects/0/47884642-e20b46197e19eeb25dccdb977b4a8dc87bbfb64c,sunhwan/mywww,e20b46197e19eeb25dccdb977b4a8dc87bbfb64c,2,85,366,2,0,0,0,0,0,1,2,0,85,0,0,0,0,0,79,85,0,366,0,0,0,0,0,350,366,0,0,0,0,0,0,4,2,0
115424279,projects/0/115424279-75d78dfdb4effa019881afb039b1ef9421d12747,LavrVV/Fluorescence-prediction,75d78dfdb4effa019881afb039b1ef9421d12747,18,1239,4898,15,0,0,0,0,0,8,13,0,1239,0,0,0,0,0,837,1093,0,4898,0,0,0,0,0,3094,4472,0,0,0,0,0,0,33,54,0
534672013,projects/0/534672013-c614ee47b72639b2249c6b20d3dd009ef9949fe7,minvws/nl-rdo-max,c614ee47b72639b2249c6b20d3dd009ef9949fe7,123,9457,25647,104,2,0,0,0,0,64,102,0,9418,88,0,0,0,0,7491,9386,0,25543,274,0,0,0,0,20483,25489,0,3,0,0,0,0,125,549,0
581367425,projects/0/581367425-645473dbc9a8d4194d815e9be87ae7bdbeb4d968,coinse/libro,645473dbc9a8d4194d815e9be87ae7bdbeb4d968,16,3122,10837,14,1,0,0,0,0,14,10,0,3074,147,0,0,0,0,3074,2557,0,10688,526,0,0,0,0,10688,9035,0,1,0,0,0,0,70,35,0
131376340,projects/0/131376340-295ca4cd2b59b8d2758f06eb7fd79920327ea524,Fred-sun/fred_yaml,295ca4cd2b59b8d2758f06eb7fd79920327ea524,1108,456630,1193573,1108,1,0,0,0,0,1108,1107,0,456630,104,0,0,0,0,456630,456526,0,1193573,372,0,0,0,0,1193573,1193201,0,5,0,0,0,0,2774,7721,0
804783808,projects/0/804783808-debbfd285c71c439b1cf062019efc4cd33df3e2d,cisco-open/pymultiworld,debbfd285c71c439b1cf062019efc4cd33df3e2d,17,2764,9695,16,9,0,0,0,0,16,14,0,2745,1744,0,0,0,0,2745,2507,0,9589,5941,0,0,0,0,9589,8727,0,12,0,0,0,0,66,32,0
587908574,projects/0/587908574-958c42de82dfa0666412ca8cb8f6e8579cb05c4d,Thomas1B/Phys340PyPackages,958c42de82dfa0666412ca8cb8f6e8579cb05c4d,6,390,1205,6,0,0,0,0,0,3,6,0,390,0,0,0,0,0,362,390,0,1205,0,0,0,0,0,1174,1205,0,0,0,0,0,0,9,9,0
330419448,projects/0/330419448-5bf9f278446b49601d9be95d465b9e07d37da3eb,ajayraju999/Real-world-Data-Extraction-in-Digital-Gauges-using-Computer-vision-and-Tensorflow,5bf9f278446b49601d9be95d465b9e07d37da3eb,8,526,1653,5,0,0,0,0,0,5,4,0,523,0,0,0,0,0,523,487,0,1653,0,0,0,0,0,1653,1522,0,0,0,0,0,0,36,25,0
856064443,projects/0/856064443-c087e8a4ece3f9f014586b990165811013b0be46,Hexa-bits/Back-End,c087e8a4ece3f9f014586b990165811013b0be46,55,7224,30310,51,0,0,0,0,0,41,49,0,7224,0,0,0,0,0,6511,7027,0,30310,0,0,0,0,0,27374,29895,0,0,0,0,0,0,56,544,0
204104109,projects/0/204104109-5dbad779f0f504be2adb406795f5a4878d8f6f55,renatomatz/ht6,5dbad779f0f504be2adb406795f5a4878d8f6f55,10,1025,3023,10,0,0,0,0,0,9,10,0,1025,0,0,0,0,0,934,1025,0,3023,0,0,0,0,0,2797,3023,0,0,0,0,0,0,21,23,0
63723193,projects/0/63723193-f7acfbc8f71329d45ac90a14e7d2990e0f9c53e3,allenta/zabbix-template-for-vha-agent,f7acfbc8f71329d45ac90a14e7d2990e0f9c53e3,1,321,1079,1,0,0,1,0,0,1,1,0,321,0,0,321,0,0,321,321,0,1079,0,0,1079,0,0,1079,1079,0,0,0,1,0,0,4,2,0
79348718,projects/0/79348718-a59de5df379611df85554ad334ce815ce1c6961c,blagasz/nao,a59de5df379611df85554ad334ce815ce1c6961c,17,4225,13463,14,0,0,1,1,0,10,10,0,4186,0,0,478,478,0,3317,3230,0,13357,0,0,1393,1393,0,10378,10406,0,0,0,1,1,0,37,44,0
406087801,projects/0/406087801-882c6bf22435d169a733ceb839c3329f4c0df0b1,merqit/blockchain-developer-bootcamp-final-project,882c6bf22435d169a733ceb839c3329f4c0df0b1,15,487,1448,14,0,0,0,0,0,8,12,0,477,0,0,0,0,0,269,467,0,1439,0,0,0,0,0,726,1422,0,0,0,0,0,0,11,26,0
19087270,projects/0/19087270-81f7984616bc4d0f1598ddf879f65e2c624f6e5e,derekhh/HackerRank,81f7984616bc4d0f1598ddf879f65e2c624f6e5e,8,159,574,8,0,0,0,0,0,2,8,0,159,0,0,0,0,0,69,159,0,574,0,0,0,0,0,251,574,0,0,0,0,0,0,2,13,0
192432838,projects/0/192432838-89b3ed74a0ad918049e433ddf51d69787a565544,SwapnikKatkoori/sleeper-ff-bot,89b3ed74a0ad918049e433ddf51d69787a565544,12,644,2157,6,0,0,0,0,0,6,5,0,614,0,0,0,0,0,614,612,0,2031,0,0,0,0,0,2031,2018,0,0,0,0,0,0,9,9,0
268869211,projects/0/268869211-fba22490dde020a5b26c14fb4ab89a7df0ea901b,OpenVisualCloud/Video-Curation-Sample,fba22490dde020a5b26c14fb4ab89a7df0ea901b,12,764,2608,11,0,0,0,0,0,9,11,0,710,0,0,0,0,0,561,710,0,2322,0,0,0,0,0,1915,2322,0,0,0,0,0,0,20,53,0
241740040,projects/0/241740040-678a11c0b6e74788cb5af83f99bdc27805b6fe48,CashHand-Project/cashhand-v1,678a11c0b6e74788cb5af83f99bdc27805b6fe48,49,5680,24334,47,1,0,0,0,0,37,38,0,5678,210,0,0,0,0,4841,4915,0,24330,929,0,0,0,0,20510,21296,0,1,0,0,0,0,153,96,0
712688083,projects/0/712688083-3f8aea3c085c682370ca44f94b3f2332dc38cacb,Suzuki-Yonekura-Lab/Keras-GAN,3f8aea3c085c682370ca44f94b3f2332dc38cacb,41,5879,21748,38,0,0,0,0,0,38,31,0,5879,0,0,0,0,0,5879,5625,0,21748,0,0,0,0,0,21748,20719,0,0,0,0,0,0,157,92,0
558073207,projects/0/558073207-85dde48d71e9d6035a51a73f600967adcd92efb6,lf-netizen/nfsmw,85dde48d71e9d6035a51a73f600967adcd92efb6,15,3140,11316,15,5,0,0,0,0,15,13,0,3140,949,0,0,0,0,3140,2970,0,11316,2661,0,0,0,0,11316,10636,0,16,0,0,0,0,70,53,0
763026738,projects/0/763026738-1624f38d21ce581dc7d242f77656fd9e76b6bc4c,LumionHXJ/SegHist,1624f38d21ce581dc7d242f77656fd9e76b6bc4c,56,5817,22449,31,0,0,0,0,0,25,30,0,4564,0,0,0,0,0,4529,4546,0,19041,0,0,0,0,0,18907,18967,0,0,0,0,0,0,89,124,0
37529582,projects/0/37529582-710b4dfa0a2b408c71fea817ec6ef502ffaf2d3b,hleclerc/LMTpp,710b4dfa0a2b408c71fea817ec6ef502ffaf2d3b,128,14823,98503,64,0,0,3,0,0,52,47,0,10292,0,0,1824,0,0,8482,8764,0,59288,0,0,9403,0,0,49516,51172,0,0,0,23,0,0,63,69,0
234048574,projects/0/234048574-eba6e9dc267d8c937ff389e153e3b1d892644725,MaheshBHiremath/Projects,eba6e9dc267d8c937ff389e153e3b1d892644725,1,52,215,1,0,0,0,0,0,1,0,0,52,0,0,0,0,0,52,0,0,215,0,0,0,0,0,215,0,0,0,0,0,0,0,2,0,0
300738138,projects/0/300738138-aab129c9ee1f601343e2b697e7772dcaa03a3a8e,Tempoture/Tempoture-backend,aab129c9ee1f601343e2b697e7772dcaa03a3a8e,16,3026,11773,16,0,0,0,0,0,16,13,0,3026,0,0,0,0,0,3026,2233,0,11773,0,0,0,0,0,11773,8622,0,0,0,0,0,0,49,50,0
537131262,projects/0/537131262-604ed1f81830a3e49004c58fb47e49711de48c9f,ahmed8badr/Udacity-Advanced-Cloud-DevOps,604ed1f81830a3e49004c58fb47e49711de48c9f,27,1351,4636,24,0,0,0,0,0,23,17,0,1346,0,0,0,0,0,1340,1103,0,4618,0,0,0,0,0,4606,3559,0,0,0,0,0,0,54,42,0
109986838,projects/0/109986838-1ceed603bcc7579de451895eff5508594909f382,ncadou/pipekit,1ceed603bcc7579de451895eff5508594909f382,10,1688,6129,10,0,0,0,0,0,8,10,0,1688,0,0,0,0,0,1629,1688,0,6129,0,0,0,0,0,5940,6129,0,0,0,0,0,0,16,33,0
588096871,projects/0/588096871-b21029009a2dedc6e56ed89473157eaf1c3558f6,nakhodnov17/HSE_DPO_Spark,b21029009a2dedc6e56ed89473157eaf1c3558f6,7,416,1411,7,1,0,0,0,0,5,5,0,416,75,0,0,0,0,336,390,0,1411,240,0,0,0,0,1198,1283,0,2,0,0,0,0,11,23,0
492345102,projects/0/492345102-3498c00a93ad451c42586cb004bffe088ec718c0,dertty/dsbattleapi_yacloud,3498c00a93ad451c42586cb004bffe088ec718c0,39,3328,11695,26,0,0,0,0,0,12,26,0,3318,0,0,0,0,0,2822,3318,0,11676,0,0,0,0,0,9990,11676,0,0,0,0,0,0,28,106,0
369872851,projects/0/369872851-1cbdb8e35922e0dc2696bd97b3936b2361548e56,maddyraifin/LeetcodePython,1cbdb8e35922e0dc2696bd97b3936b2361548e56,48,1672,9566,47,0,0,0,0,0,47,0,0,1646,0,0,0,0,0,1646,0,0,9453,0,0,0,0,0,9453,0,0,0,0,0,0,0,62,0,0
328922145,projects/0/328922145-e74c47798ab3b0da8dec0a9c364f78d54c7cf5b6,arminmehraeen/TestCase,e74c47798ab3b0da8dec0a9c364f78d54c7cf5b6,429,122330,509309,364,12,0,6,6,0,239,350,0,106895,4377,0,6330,4004,0,93208,104971,0,406895,17357,0,22072,14516,0,350108,399129,0,15,0,12,7,0,917,1849,0
821148923,projects/0/821148923-f0865cdf4abbe79713ff3853602f0df1ee96c218,Diegocndd/juarez-automation,f0865cdf4abbe79713ff3853602f0df1ee96c218,7,101691,196452,6,1,0,0,0,0,3,5,0,421,111,0,0,0,0,261,408,0,1716,617,0,0,0,0,911,1674,0,2,0,0,0,0,5,11,0
729472111,projects/0/729472111-fb2e3965491f061b622c31876efca9dd1a1b02c3,DELTSV/hollygalagia,fb2e3965491f061b622c31876efca9dd1a1b02c3,21,1649,5907,19,0,0,0,0,0,19,19,0,1615,0,0,0,0,0,1615,1615,0,5806,0,0,0,0,0,5806,5806,0,0,0,0,0,0,27,59,0
11178845,projects/0/11178845-21fd7719e89a7d22b4eac63141a60a7f1b01768c,poliastro/poliastro,21fd7719e89a7d22b4eac63141a60a7f1b01768c,189,31842,110604,177,0,0,0,0,0,129,173,0,31316,0,0,0,0,0,26997,31055,0,108765,0,0,0,0,0,96220,107853,0,0,0,0,0,0,187,730,0
649452610,projects/0/649452610-c480f2786d4db541a1ad56a8193094bbd777861e,lilianoftheveil/final_assignment_avd,c480f2786d4db541a1ad56a8193094bbd777861e,10,603,4153,10,0,0,0,0,0,10,5,0,603,0,0,0,0,0,603,268,0,4153,0,0,0,0,0,4153,2324,0,0,0,0,0,0,21,15,0
283692865,projects/0/283692865-29d04d2da96e7236226fec173f17abf1d0f2124e,SHAIKAHMED95/Flight-Prediction,29d04d2da96e7236226fec173f17abf1d0f2124e,1,368,759,1,0,0,0,0,0,1,1,0,368,0,0,0,0,0,368,368,0,759,0,0,0,0,0,759,759,0,0,0,0,0,0,3,2,0
197975443,projects/0/197975443-ae9e9197318d1562b4cb107dd0096d9568c0e1fe,ftuyama/crypto-indicator,ae9e9197318d1562b4cb107dd0096d9568c0e1fe,8,485,1680,6,1,0,0,0,0,5,4,0,485,43,0,0,0,0,442,349,0,1680,145,0,0,0,0,1535,1205,0,1,0,0,0,0,15,14,0
144360648,projects/0/144360648-2dca679ce4912d29f336bab72691cc21db9df706,ivanov-slk/newsarticles-app,2dca679ce4912d29f336bab72691cc21db9df706,38,5513,31119,32,0,0,0,0,1,15,31,0,5499,0,0,0,0,74,2960,5453,0,31073,0,0,0,0,290,20268,30816,0,0,0,0,0,1,29,157,0
468713389,projects/0/468713389-13001412b4a1d7950134b0ebbdcd5d920f395711,AbiJays/library_homework,13001412b4a1d7950134b0ebbdcd5d920f395711,1,121,443,0,0,0,0,0,0,0,0,0,0,0,0,0,0,0,0,0,0,0,0,0,0,0,0,0,0,0,0,0,0,0,0,0,0,0
527565258,projects/0/527565258-d49039a372a8f5dce0ddee6a044cc5d05508d7ab,beryl452/alx-higher_level_programming,d49039a372a8f5dce0ddee6a044cc5d05508d7ab,154,3154,10589,45,0,0,0,0,0,24,26,0,1196,0,0,0,0,0,672,923,0,4410,0,0,0,0,0,2756,3434,0,0,0,0,0,0,38,65,0
601028056,projects/0/601028056-cf60a6da603beb6259632f294a6dd7abe615f950,TV2-Fyn/scraping-af-arbejdstilsynets-smileyordning,cf60a6da603beb6259632f294a6dd7abe615f950,1,163,686,1,0,0,0,0,0,1,1,0,163,0,0,0,0,0,163,163,0,686,0,0,0,0,0,686,686,0,0,0,0,0,0,2,2,0
13392509,projects/0/13392509-9033a612161779d5480ce6173688b3fed5634c34,lnls-fac/code,9033a612161779d5480ce6173688b3fed5634c34,224,58762,299515,208,13,0,3,5,0,158,120,0,55776,6078,0,1147,6164,0,50181,40514,0,280983,27221,0,5333,26555,0,234906,206590,0,46,0,10,15,0,650,268,0
83785124,projects/0/83785124-81f4c249b474b955dcda9ddb461cfe66f4d9a6d0,Joonsoo/oneswt,81f4c249b474b955dcda9ddb461cfe66f4d9a6d0,1,94,323,1,0,0,0,0,0,1,1,0,94,0,0,0,0,0,94,94,0,323,0,0,0,0,0,323,323,0,0,0,0,0,0,2,2,0
130507573,projects/0/130507573-8d1ccad2fae29e091212475f548101a93e796052,CREEi-models/srpp,8d1ccad2fae29e091212475f548101a93e796052,5,1407,5537,4,0,0,0,0,0,3,2,0,1407,0,0,0,0,0,1406,1347,0,5537,0,0,0,0,0,5534,5324,0,0,0,0,0,0,6,3,0
247060751,projects/0/247060751-5ee2de91840a76b521eaf745fe9c411b16113db7,azebro/catkin_ws,5ee2de91840a76b521eaf745fe9c411b16113db7,159,24927,99891,105,30,0,0,26,0,97,74,0,24615,8170,0,0,7569,0,24223,16603,0,98157,36154,0,0,34059,0,96995,62143,0,99,0,0,120,0,414,412,0
595229974,projects/0/595229974-e0c8e53b5e39c9ec8ad90c10706e58a5620a4011,FrozenWolf-Cyber/SummarizeIQ,e0c8e53b5e39c9ec8ad90c10706e58a5620a4011,3,849,2758,3,0,0,0,0,0,3,3,0,849,0,0,0,0,0,849,849,0,2758,0,0,0,0,0,2758,2758,0,0,0,0,0,0,12,23,0
199903920,projects/0/199903920-a4df4a2300cf5004e3a760b567a9ffb77e9a511b,waelzeinyeh/FT_EXPLAINED,a4df4a2300cf5004e3a760b567a9ffb77e9a511b,1,605,4415,1,0,0,0,0,0,1,1,0,605,0,0,0,0,0,605,605,0,4415,0,0,0,0,0,4415,4415,0,0,0,0,0,0,4,5,0
605548185,projects/0/605548185-c247a53a394f34f1477a301d759b4d817f6dd69f,iGOR121/android_kernel_samsung_msm8953,c247a53a394f34f1477a301d759b4d817f6dd69f,26,8299,34275,26,9,0,0,0,0,24,15,0,8299,6565,0,0,0,0,8129,5953,0,34275,27680,0,0,0,0,33773,25251,0,44,0,0,0,0,71,38,0
422662943,projects/0/422662943-e82fcb364ac365dfdf93a956bba16e2b3a40fa8c,jeffuncu4/SWcompare,e82fcb364ac365dfdf93a956bba16e2b3a40fa8c,53,7612,24325,53,0,0,0,0,0,52,47,0,7612,0,0,0,0,0,7592,7199,0,24325,0,0,0,0,0,24279,23216,0,0,0,0,0,0,183,112,0
17684063,projects/0/17684063-8053bf4eb6de0d234de4d04b0f621734923c0214,lukasmartinelli-alt/cuckoodrive,8053bf4eb6de0d234de4d04b0f621734923c0214,10,1895,6808,10,0,0,0,0,0,7,10,0,1895,0,0,0,0,0,1671,1895,0,6808,0,0,0,0,0,6035,6808,0,0,0,0,0,0,14,66,0
118949960,projects/0/118949960-4f348647bd4d18a7133ad01af653e7cd4adf214c,nahrens007/au-bblearn-self-service,4f348647bd4d18a7133ad01af653e7cd4adf214c,18,1513,6060,15,1,0,0,0,0,9,13,0,1513,211,0,0,0,0,1468,1245,0,6060,831,0,0,0,0,5874,5193,0,1,0,0,0,0,14,29,0
107457326,projects/0/107457326-a89dde9ee68982630a5cf7b79a5934b37cbae655,Julien-Cousineau/slf-py,a89dde9ee68982630a5cf7b79a5934b37cbae655,7,914,4327,7,0,0,0,0,0,6,7,0,914,0,0,0,0,0,913,914,0,4327,0,0,0,0,0,4323,4327,0,0,0,0,0,0,9,9,0
26350830,projects/0/26350830-d1ad225aeb6cb2a5716b6dfec447d5a5738ff061,coleifer/sqlite-web,d1ad225aeb6cb2a5716b6dfec447d5a5738ff061,5,1532,5140,4,1,0,0,0,0,4,4,0,1532,1435,0,0,0,0,1532,1532,0,5140,4867,0,0,0,0,5140,5140,0,2,0,0,0,0,19,27,0
778950150,projects/0/778950150-3edd59ca2c6a453d71ecfd86e9c72eeaa52d3fea,pgmikhael/clipzyme,3edd59ca2c6a453d71ecfd86e9c72eeaa52d3fea,61,15994,52435,47,2,1,0,0,0,46,46,0,15934,1292,675,0,0,0,15877,15890,0,52067,5002,2429,0,0,0,51894,51978,0,2,1,0,0,0,230,262,0
604962650,projects/0/604962650-6734e57b11b4a931e4b07f8bb7b5f11021b2a73d,mch60131242/Tacotron2-Wavenet-Korean-TTS-Detailed-for-beginner,6734e57b11b4a931e4b07f8bb7b5f11021b2a73d,33,5957,26352,32,3,0,0,0,0,29,26,0,5783,585,0,0,0,0,5746,5110,0,25922,2536,0,0,0,0,25665,22551,0,5,0,0,0,0,101,115,0
191528852,projects/0/191528852-f9e583a3d61e1281ef027ff4b3264728e8ab40d4,myNBGcode/nbg-python-sdk,f9e583a3d61e1281ef027ff4b3264728e8ab40d4,20,1686,5042,16,0,0,0,0,0,14,14,0,1666,0,0,0,0,0,1124,1591,0,4990,0,0,0,0,0,3383,4678,0,0,0,0,0,0,22,33,0
41374824,projects/0/41374824-dc39c89b224c030987e0528653b623983f5b0d1b,criswell/git-circle,dc39c89b224c030987e0528653b623983f5b0d1b,1,35,93,1,0,0,0,0,0,1,1,0,35,0,0,0,0,0,35,35,0,93,0,0,0,0,0,93,93,0,0,0,0,0,0,1,1,0
119873793,projects/0/119873793-bb0440e6651bde00e54e03e367348a2773c57dda,hargikas/reddit-delete,bb0440e6651bde00e54e03e367348a2773c57dda,1,95,381,1,0,0,0,0,0,1,1,0,95,0,0,0,0,0,95,95,0,381,0,0,0,0,0,381,381,0,0,0,0,0,0,4,2,0
565684900,projects/0/565684900-b8a213c816334b032d0d01f37719372bd9d6680d,EddieKenya/social-media-app,b8a213c816334b032d0d01f37719372bd9d6680d,32,756,2204,27,0,0,0,0,0,7,27,0,756,0,0,0,0,0,307,756,0,2204,0,0,0,0,0,929,2204,0,0,0,0,0,0,9,43,0
495753997,projects/0/495753997-81406d0c78558549a5d902651ca639a5098814fc,Mark-98/Algorithm_Story,81406d0c78558549a5d902651ca639a5098814fc,3,72,240,3,1,0,0,0,0,3,0,0,72,32,0,0,0,0,72,0,0,240,119,0,0,0,0,240,0,0,2,0,0,0,0,3,0,0
186022777,projects/0/186022777-e27d5b80141ba2ff92d91e4fc48271ec2622db37,gongchang/ML_DL_Stats_Tutorials,e27d5b80141ba2ff92d91e4fc48271ec2622db37,2,225,920,2,0,0,0,0,0,2,2,0,225,0,0,0,0,0,225,225,0,920,0,0,0,0,0,920,920,0,0,0,0,0,0,6,14,0
90934817,projects/0/90934817-474c2800b3a0efe46efad29d2fb2a42364dadea6,drichert/ff-voc,474c2800b3a0efe46efad29d2fb2a42364dadea6,3,109,258,3,0,0,0,0,0,3,0,0,109,0,0,0,0,0,109,0,0,258,0,0,0,0,0,258,0,0,0,0,0,0,0,13,0,0
521848168,projects/0/521848168-ee4f785bf5efb1ccb250490ec4341a364ee3bddc,kirill-tsimbaliuk/DataHack,ee4f785bf5efb1ccb250490ec4341a364ee3bddc,6,184,660,6,0,0,0,0,0,4,4,0,184,0,0,0,0,0,169,156,0,660,0,0,0,0,0,621,575,0,0,0,0,0,0,10,4,0
731713557,projects/0/731713557-d340056f12d24b557644f6a9b9049f69347e3051,hamza-safwa/RealEstateVision,d340056f12d24b557644f6a9b9049f69347e3051,12,200,767,9,0,0,0,0,0,0,9,0,164,0,0,0,0,0,0,164,0,616,0,0,0,0,0,0,616,0,0,0,0,0,0,0,20,0
468365895,projects/0/468365895-e51b6d325241f6d83928a04335c9cadd60888227,Nati49/alx-low_level_programming,e51b6d325241f6d83928a04335c9cadd60888227,1,31,121,0,0,0,0,0,0,0,0,0,0,0,0,0,0,0,0,0,0,0,0,0,0,0,0,0,0,0,0,0,0,0,0,0,0,0
174750004,projects/0/174750004-0dc22247de2d0f0a54a8e45ddac12fc86ed7d569,JohnKDay/ubuntu-init,0dc22247de2d0f0a54a8e45ddac12fc86ed7d569,1,61,186,1,0,0,0,0,0,1,0,0,61,0,0,0,0,0,61,0,0,186,0,0,0,0,0,186,0,0,0,0,0,0,0,1,0,0
208345644,projects/0/208345644-35bb81be4810b0f4496390539f9774334488224f,censys/censys-splunk,35bb81be4810b0f4496390539f9774334488224f,1697,504434,1764821,1542,46,5,12,17,1,943,1446,3,466984,30220,5144,12480,10468,139,375005,456453,1230,1691877,116826,18843,51803,38301,544,1400351,1641568,4933,83,8,18,25,1,3167,6431,8
342546755,projects/0/342546755-a554101634eea7dad438551b4e04099d9f6960fd,smart-data-models/dataModel.WasteWater,a554101634eea7dad438551b4e04099d9f6960fd,14,2358,11175,14,0,0,0,0,0,7,14,0,2358,0,0,0,0,0,773,2358,0,11175,0,0,0,0,0,5119,11175,0,0,0,0,0,0,7,35,0
301668248,projects/0/301668248-86312f37220265e51ded9dd5629bfabb52105be3,alecello/algorithms-and-programming,86312f37220265e51ded9dd5629bfabb52105be3,1,215,976,1,0,0,0,0,0,1,0,0,215,0,0,0,0,0,215,0,0,976,0,0,0,0,0,976,0,0,0,0,0,0,0,1,0,0
609794270,projects/0/609794270-80e8fc337d040702a05e286c1ee512bea8d6d5da,colinhu123/OrbitSimu,80e8fc337d040702a05e286c1ee512bea8d6d5da,6,757,3221,6,0,0,0,0,0,6,4,0,757,0,0,0,0,0,757,639,0,3221,0,0,0,0,0,3221,2736,0,0,0,0,0,0,11,6,0
708313573,projects/0/708313573-0562cb0623215ee0fb2565055c5004406e84b315,knowledge-fusion/ncexplorer,0562cb0623215ee0fb2565055c5004406e84b315,103,9394,24420,92,0,0,0,0,0,42,89,0,8927,0,0,0,0,0,5586,8870,0,23623,0,0,0,0,0,15730,23445,0,0,0,0,0,0,93,488,0
203926238,projects/0/203926238-f01dc2d26be261321058570987c05e31cfe114f1,adi5krish/Cancer-Detection-using-CNN,f01dc2d26be261321058570987c05e31cfe114f1,2,175,778,2,0,0,0,0,0,2,0,0,175,0,0,0,0,0,175,0,0,778,0,0,0,0,0,778,0,0,0,0,0,0,0,3,0,0
450366821,projects/0/450366821-51d0ac5a1a753d5154734e15d4d5fb04934012b4,vishalyadav70/Digital_Image_Processing_Assignments,51d0ac5a1a753d5154734e15d4d5fb04934012b4,9,399,1763,9,0,0,0,0,0,9,0,0,399,0,0,0,0,0,399,0,0,1763,0,0,0,0,0,1763,0,0,0,0,0,0,0,23,0,0
798893579,projects/0/798893579-b35e3e3d62e822f31dd73a0622054c10e00db371,arneso-ssb/scripts,b35e3e3d62e822f31dd73a0622054c10e00db371,7,321,1024,4,0,0,0,0,0,3,3,0,284,0,0,0,0,0,278,271,0,884,0,0,0,0,0,855,862,0,0,0,0,0,0,8,7,0
486464952,projects/0/486464952-a1573af0701727eb8ca6b607950d27f5a31e976a,gaojikun0726/bes_park,a1573af0701727eb8ca6b607950d27f5a31e976a,1,37,132,1,0,0,0,0,0,1,0,0,37,0,0,0,0,0,37,0,0,132,0,0,0,0,0,132,0,0,0,0,0,0,0,1,0,0
355554508,projects/0/355554508-097a2079f590116dd0df2b03920bc9b0d29c6330,HampusMLTH/BIOSPACE,097a2079f590116dd0df2b03920bc9b0d29c6330,15,3506,13849,15,0,0,0,0,0,11,15,0,3506,0,0,0,0,0,3452,3506,0,13849,0,0,0,0,0,13747,13849,0,0,0,0,0,0,78,61,0
33991056,projects/0/33991056-7cb0a6757e878bc1e261109648dc61a402ab6810,klokantech/ol3raster,7cb0a6757e878bc1e261109648dc61a402ab6810,5,425,1546,5,0,0,0,0,0,5,1,0,425,0,0,0,0,0,425,120,0,1546,0,0,0,0,0,1546,442,0,0,0,0,0,0,15,1,0
96984580,projects/0/96984580-fde447be105633b5888664cd6157710b3f722ab0,yongqianvip/RNCountDown,fde447be105633b5888664cd6157710b3f722ab0,0,0,0,0,0,0,0,0,0,0,0,0,0,0,0,0,0,0,0,0,0,0,0,0,0,0,0,0,0,0,0,0,0,0,0,0,0,0
686778487,projects/0/686778487-27e522e8207bf3abc50a9a927b107d87c126e727,darcythomas/graphviz,27e522e8207bf3abc50a9a927b107d87c126e727,32,7751,28394,32,2,0,0,0,0,32,27,0,7751,416,0,0,0,0,7751,7614,0,28394,1426,0,0,0,0,28394,27893,0,2,0,0,0,0,138,45,0
723863925,projects/0/723863925-5fea54c3db9f506267a5959582a3b7cd070f05b4,atiumcache/pure-recipe,5fea54c3db9f506267a5959582a3b7cd070f05b4,3,433,1772,2,0,0,0,0,0,2,2,0,432,0,0,0,0,0,432,432,0,1769,0,0,0,0,0,1769,1769,0,0,0,0,0,0,10,6,0
219085999,projects/0/219085999-809a87d3faf5071e735a30de2314a3819b4314a6,ningzesun1993/plotly-challenge,809a87d3faf5071e735a30de2314a3819b4314a6,1,105,319,1,0,0,0,0,0,1,1,0,105,0,0,0,0,0,105,105,0,319,0,0,0,0,0,319,319,0,0,0,0,0,0,4,5,0
356913655,projects/0/356913655-d3489465c338c4fd083c537c72fba8fe7b1dc493,Gaurav6555/Gaurav6555,d3489465c338c4fd083c537c72fba8fe7b1dc493,3,112,380,3,0,0,0,0,0,3,3,0,112,0,0,0,0,0,112,112,0,380,0,0,0,0,0,380,380,0,0,0,0,0,0,5,7,0
474794875,projects/0/474794875-0011ce16483b68ed5879dded1435647b9f03e6ed,dehrlich/Combining-Signals-for-Enhanced-Alpha,0011ce16483b68ed5879dded1435647b9f03e6ed,3,509,1811,3,0,0,0,0,0,3,3,0,509,0,0,0,0,0,509,509,0,1811,0,0,0,0,0,1811,1811,0,0,0,0,0,0,11,16,0
50080861,projects/0/50080861-510b5d1a62623cbb0f864cac15837b0a1f0f0d88,egost/WallBlocks,510b5d1a62623cbb0f864cac15837b0a1f0f0d88,6,746,2799,6,0,0,0,0,0,5,5,0,746,0,0,0,0,0,718,697,0,2799,0,0,0,0,0,2732,2673,0,0,0,0,0,0,12,18,0
254571536,projects/0/254571536-3d4267d1212b37a245ef0bc16ea555e332e892d0,crowdbotics-apps/test-app-3445-dev-2528,3d4267d1212b37a245ef0bc16ea555e332e892d0,44,1179,3245,34,0,0,0,0,0,10,33,0,1179,0,0,0,0,0,525,991,0,3245,0,0,0,0,0,1369,2728,0,0,0,0,0,0,16,97,0
259865751,projects/0/259865751-96cc5c623e48762782553f2cfff0d7136b3f04d4,TripleFireMan/CYDefine,96cc5c623e48762782553f2cfff0d7136b3f04d4,507,167382,683832,453,20,0,11,16,1,336,426,1,152631,7152,0,12590,12787,125,141192,149501,36,584472,29009,0,45845,46355,503,536539,571952,100,31,0,23,25,1,1360,2612,1
188614212,projects/0/188614212-18b4d2d4121f1029a8939d0768f81eb67fb1d55e,sanigak/Shakespeare-Sonnet-Bot,18b4d2d4121f1029a8939d0768f81eb67fb1d55e,1,254,643,1,0,0,0,0,0,1,1,0,254,0,0,0,0,0,254,254,0,643,0,0,0,0,0,643,643,0,0,0,0,0,0,3,3,0
95865525,projects/0/95865525-b4dc5cb5c9e925b912f0ddc5a3ba0774f12e7a3e,aju007ak/adwdw,b4dc5cb5c9e925b912f0ddc5a3ba0774f12e7a3e,42,868,2800,27,1,0,0,0,0,26,1,0,599,41,0,0,0,0,558,18,0,2121,112,0,0,0,0,2009,47,0,1,0,0,0,0,27,1,0
268061200,projects/0/268061200-030464a68b58da2d4e9e18f7a2bbcf32c8f65b19,vipulss/learningweb-python,030464a68b58da2d4e9e18f7a2bbcf32c8f65b19,114,12461,37298,94,0,0,0,0,0,58,93,0,12403,0,0,0,0,0,6556,12258,0,37196,0,0,0,0,0,18925,36538,0,0,0,0,0,0,75,529,0
277044227,projects/0/277044227-29db575d109e26dbc07dbf84658cb40bc04440e3,ShivaramaPranav/ToDo-APIService,29db575d109e26dbc07dbf84658cb40bc04440e3,8,496,1649,7,0,0,0,0,0,6,7,0,496,0,0,0,0,0,493,496,0,1649,0,0,0,0,0,1643,1649,0,0,0,0,0,0,8,15,0
539204040,projects/0/539204040-f98300b9c29f69447b11c77ba1ab3fa3fe9659d8,databricks-industry-solutions/image-recipe-recommender,f98300b9c29f69447b11c77ba1ab3fa3fe9659d8,2,147,415,1,0,0,0,0,0,1,1,0,145,0,0,0,0,0,145,145,0,412,0,0,0,0,0,412,412,0,0,0,0,0,0,11,6,0
761777867,projects/0/761777867-eeec7fd5c1fb7420004197d2f8af8f7ff09f101b,Dhiandika/Discord-bot,eeec7fd5c1fb7420004197d2f8af8f7ff09f101b,4,974,3560,4,0,0,0,0,0,4,3,0,974,0,0,0,0,0,974,961,0,3560,0,0,0,0,0,3560,3512,0,0,0,0,0,0,22,33,0
765026453,projects/0/765026453-22b0756f971d093795396b10d6fdd288f9019384,DayanandK01/face_recognizer_model,22b0756f971d093795396b10d6fdd288f9019384,3,107,400,3,0,0,0,0,0,3,0,0,107,0,0,0,0,0,107,0,0,400,0,0,0,0,0,400,0,0,0,0,0,0,0,6,0,0
276724131,projects/0/276724131-f8c2acb20f336e4fdbe405dd30bc568ff1ed175f,Onkarsus13/Cell-Detection,f8c2acb20f336e4fdbe405dd30bc568ff1ed175f,1,151,835,1,0,0,0,0,0,1,1,0,151,0,0,0,0,0,151,151,0,835,0,0,0,0,0,835,835,0,0,0,0,0,0,6,4,0
718196116,projects/0/718196116-3e5331c5cfdb025fc2d1688b3ac44bb1b9554770,dltjdska32/Artificial-Intelligence,3e5331c5cfdb025fc2d1688b3ac44bb1b9554770,3,310,1474,3,0,0,0,0,0,3,1,0,310,0,0,0,0,0,310,120,0,1474,0,0,0,0,0,1474,494,0,0,0,0,0,0,14,3,0
435256599,projects/0/435256599-5b3b6980b508763915d92ed4948d3bb6c81ab623,Tiago1Figueira/curso_django,5b3b6980b508763915d92ed4948d3bb6c81ab623,64,1515,4628,50,0,0,0,0,0,19,50,0,1515,0,0,0,0,0,778,1515,0,4628,0,0,0,0,0,2341,4628,0,0,0,0,0,0,23,120,0
344655946,projects/0/344655946-619838688e474ce650b971f9b03c09db810b5996,scenerygraphics/corvo,619838688e474ce650b971f9b03c09db810b5996,27,1623,6266,21,0,0,0,0,0,18,18,0,1623,0,0,0,0,0,1459,1490,0,6266,0,0,0,0,0,5676,5807,0,0,0,0,0,0,51,73,0
112891123,projects/0/112891123-a1010821d0fdfcbcb2c382928dd75dfd7218c24c,JamesLydon/ProfessionalMan,a1010821d0fdfcbcb2c382928dd75dfd7218c24c,2,66,208,2,0,0,0,0,0,2,0,0,66,0,0,0,0,0,66,0,0,208,0,0,0,0,0,208,0,0,0,0,0,0,0,9,0,0
461324566,projects/0/461324566-cb3586e2aabc513e612e81400b8e7771b694b454,nickvsnetworking/Scratch-n-Sniff,cb3586e2aabc513e612e81400b8e7771b694b454,4,174,657,4,0,0,0,0,0,4,0,0,174,0,0,0,0,0,174,0,0,657,0,0,0,0,0,657,0,0,0,0,0,0,0,20,0,0
174219384,projects/0/174219384-9d55b1ab945f19b9a471f47a24386398ef7a5a92,OrionRiitters/capstone_package_management,9d55b1ab945f19b9a471f47a24386398ef7a5a92,5,123,447,5,0,0,0,0,0,5,2,0,123,0,0,0,0,0,123,54,0,447,0,0,0,0,0,447,222,0,0,0,0,0,0,10,2,0
567584446,projects/0/567584446-92ccd022c977be84844e5b32bd6de2cf292d3f4f,alentoghostflame/mycometo,92ccd022c977be84844e5b32bd6de2cf292d3f4f,11,2278,8118,11,0,0,0,0,0,7,10,0,2278,0,0,0,0,0,2016,2227,0,8118,0,0,0,0,0,7349,7946,0,0,0,0,0,0,19,45,0
230500877,projects/0/230500877-4d87fa71ab65f501d8d7e4f025a8c2720c90cbb4,NaN-tic/trytond-sale_payment_type,4d87fa71ab65f501d8d7e4f025a8c2720c90cbb4,8,813,2459,7,0,0,0,0,0,4,7,0,813,0,0,0,0,0,669,813,0,2459,0,0,0,0,0,1986,2459,0,0,0,0,0,0,7,31,0
541957831,projects/0/541957831-c6a34ad969e8e5b5a2596af9a6417b4b664f9d7f,universome/megascans-rendering,c6a34ad969e8e5b5a2596af9a6417b4b664f9d7f,6,1206,5206,6,1,0,0,0,0,6,6,0,1206,553,0,0,0,0,1206,1206,0,5206,2422,0,0,0,0,5206,5206,0,1,0,0,0,0,39,21,0
98102870,projects/0/98102870-597be744450c6b4ce96e06138ceb1561d3a9d887,Grace-Amondi/dhis-hackathon,597be744450c6b4ce96e06138ceb1561d3a9d887,8,458,1313,7,0,0,0,0,0,4,5,0,458,0,0,0,0,0,220,276,0,1313,0,0,0,0,0,675,777,0,0,0,0,0,0,6,13,0
447328623,projects/0/447328623-94920370bd921c7847bffcf25809bfbcb4c1ea49,xyjiang970/covid_dashboard,94920370bd921c7847bffcf25809bfbcb4c1ea49,1,679,2907,1,1,0,0,0,0,1,1,0,679,679,0,0,0,0,679,679,0,2907,2907,0,0,0,0,2907,2907,0,3,0,0,0,0,5,3,0
50111653,projects/0/50111653-08837ca8f69cedc8185f2a0ce297f88db55114df,66kesara99/Hackerrank-Random,08837ca8f69cedc8185f2a0ce297f88db55114df,38,920,2819,6,0,0,0,0,0,6,0,0,99,0,0,0,0,0,99,0,0,328,0,0,0,0,0,328,0,0,0,0,0,0,0,6,0,0
468033014,projects/0/468033014-83f606d74207083dff855a7e36b25f998fc88416,PedroPaulBermeo/DjangoExample,83f606d74207083dff855a7e36b25f998fc88416,16,552,2066,13,0,0,0,0,0,6,13,0,551,0,0,0,0,0,254,551,0,2054,0,0,0,0,0,1027,2054,0,0,0,0,0,0,7,26,0
498349003,projects/0/498349003-916576fa16e0e65593efe68081f31bb427f1cdff,anry09/snake_game,916576fa16e0e65593efe68081f31bb427f1cdff,1,171,571,1,0,0,0,0,0,1,1,0,171,0,0,0,0,0,171,171,0,571,0,0,0,0,0,571,571,0,0,0,0,0,0,6,3,0
688686765,projects/0/688686765-80184231f4aa0d8f44688f5179d1c15e1940670e,Davelec23/alx-low_level_programming,80184231f4aa0d8f44688f5179d1c15e1940670e,1,27,84,0,0,0,0,0,0,0,0,0,0,0,0,0,0,0,0,0,0,0,0,0,0,0,0,0,0,0,0,0,0,0,0,0,0,0
764023057,projects/0/764023057-0ec026749061719867bb3e9045e51e768cdac079,marcos-erbas-jr/teambuilder,0ec026749061719867bb3e9045e51e768cdac079,4,110,287,4,0,0,0,0,0,0,4,0,110,0,0,0,0,0,0,110,0,287,0,0,0,0,0,0,287,0,0,0,0,0,0,0,10,0
491424593,projects/0/491424593-a5840f0e04a20ce8229b8e2a8a268bd5018825a1,Mohammed-Albughaili/MohammedSaif,a5840f0e04a20ce8229b8e2a8a268bd5018825a1,104,2887,10478,60,0,0,0,0,0,60,3,0,1990,0,0,0,0,0,1990,97,0,7471,0,0,0,0,0,7471,364,0,0,0,0,0,0,99,3,0
182244858,projects/0/182244858-416f0fe804a28d312a48961cb9999e164f21232b,svalera99/KeyStrokeDynamics,416f0fe804a28d312a48961cb9999e164f21232b,423,148571,613988,380,14,0,13,13,1,282,351,1,134321,5948,0,13904,11285,125,123782,131179,35,516509,23294,0,51587,41393,501,472040,504728,96,18,0,23,21,1,1257,1894,1
745636749,projects/0/745636749-d62e9c046d31ce1aa3b8811d4b2982d3e8f02168,oijfof/adipisicingenim,d62e9c046d31ce1aa3b8811d4b2982d3e8f02168,8,47,2462,0,0,0,0,0,0,0,0,0,0,0,0,0,0,0,0,0,0,0,0,0,0,0,0,0,0,0,0,0,0,0,0,0,0,0
241412619,projects/0/241412619-886407c9fda629bcf73e1656c71eb12ff6157721,smart-data-models/dataModel.WaterDistributionManagementEPANET,886407c9fda629bcf73e1656c71eb12ff6157721,22,4996,20946,22,0,0,0,0,0,11,22,0,4996,0,0,0,0,0,1231,4996,0,20946,0,0,0,0,0,8272,20946,0,0,0,0,0,0,11,55,0
212467048,projects/0/212467048-f196ca8c43a1c6e319b413627d9771b957638e01,mjwestcott/fennel,f196ca8c43a1c6e319b413627d9771b957638e01,70,4314,15375,60,0,3,0,0,0,42,60,0,4282,0,309,0,0,0,3610,4282,0,15213,0,1194,0,0,0,13037,15213,0,0,4,0,0,0,85,220,0
385103566,projects/0/385103566-b6a3161635bfa3b5da8ec871e1025e01f878e732,KEHUIYAO/BCLS,b6a3161635bfa3b5da8ec871e1025e01f878e732,32,9561,42545,31,1,0,0,0,0,29,27,0,9557,193,0,0,0,0,9436,7453,0,42541,523,0,0,0,0,42182,33440,0,6,0,0,0,0,141,170,0
387757395,projects/0/387757395-04707a37da2b5a83f67ec7511d43fe1f33482a85,huanyuhello/CoDiNet,04707a37da2b5a83f67ec7511d43fe1f33482a85,12,1765,6905,11,0,0,0,0,0,11,8,0,1765,0,0,0,0,0,1765,1429,0,6905,0,0,0,0,0,6905,5408,0,0,0,0,0,0,48,27,0
122033078,projects/0/122033078-cd1d8962ad8798470703dc7100ee87d8fdbe5071,txSeasar/PythonStudy,cd1d8962ad8798470703dc7100ee87d8fdbe5071,30,15596,56607,26,0,0,0,0,0,22,21,0,15495,0,0,0,0,0,15261,15279,0,56196,0,0,0,0,0,55215,55528,0,0,0,0,0,0,64,82,0
452041154,projects/0/452041154-d63cf30dafa43c95f5a8960a641736cea939b88b,apeso/I-have-been-there,d63cf30dafa43c95f5a8960a641736cea939b88b,9,4811,20937,3,2,0,0,0,0,3,3,0,4611,4040,0,0,0,0,4611,4611,0,20501,18439,0,0,0,0,20501,20501,0,11,0,0,0,0,17,52,0
226278798,projects/0/226278798-134fc384e761557ee528a9377474d28dabe311fe,davionkey/DBU,134fc384e761557ee528a9377474d28dabe311fe,0,0,0,0,0,0,0,0,0,0,0,0,0,0,0,0,0,0,0,0,0,0,0,0,0,0,0,0,0,0,0,0,0,0,0,0,0,0
110171937,projects/0/110171937-77e507e4351bd35db771706c4f3d6955b6bce968,munki/macadmin-scripts,77e507e4351bd35db771706c4f3d6955b6bce968,3,957,3800,3,1,0,0,0,0,3,3,0,957,227,0,0,0,0,957,957,0,3800,810,0,0,0,0,3800,3800,0,1,0,0,0,0,14,11,0
821314311,projects/0/821314311-a9c47eb1d04c89119859e7d36b38f9bf61cf5f41,Wakhi-Ken/alu-higher_level_programming,a9c47eb1d04c89119859e7d36b38f9bf61cf5f41,257,6982,23620,69,0,0,0,0,0,38,49,0,4252,0,0,0,0,0,3513,3628,0,14889,0,0,0,0,0,12756,12988,0,0,0,0,0,0,58,82,0
77165780,projects/0/77165780-f213574e73ae66533da98111859af282aeff152c,krshrimali/Multi-Messenger,f213574e73ae66533da98111859af282aeff152c,1,249,1066,1,0,0,0,0,0,1,1,0,249,0,0,0,0,0,249,249,0,1066,0,0,0,0,0,1066,1066,0,0,0,0,0,0,3,7,0
233954759,projects/0/233954759-8bbee633abc93b71f58174eff16039513fa4e95b,brandon-rhodes/rhodesmill.org,8bbee633abc93b71f58174eff16039513fa4e95b,50,3488,13834,50,3,0,2,0,0,49,3,0,3488,2843,0,2564,0,0,3292,547,0,13834,11056,0,10114,0,0,13035,2118,0,4,0,6,0,0,75,6,0
764858477,projects/0/764858477-270b77c80f1543370a6ba93e23bb95bea74dd1bf,spirit9100/TheSocialDilema_twitter,270b77c80f1543370a6ba93e23bb95bea74dd1bf,1,128,688,1,0,0,0,0,0,1,1,0,128,0,0,0,0,0,128,128,0,688,0,0,0,0,0,688,688,0,0,0,0,0,0,4,1,0
610694818,projects/0/610694818-cb67af4b1a277edef44767d22ce77ea81b41fe80,Ashwani1806/Giga,cb67af4b1a277edef44767d22ce77ea81b41fe80,17,339,1048,14,0,0,0,0,0,5,13,0,339,0,0,0,0,0,100,327,0,1048,0,0,0,0,0,339,1009,0,0,0,0,0,0,7,25,0
27852633,projects/0/27852633-1c44b48e1b01b4b49c54de25b263b4126276e50f,MatthewAKelly/faneffect,1c44b48e1b01b4b49c54de25b263b4126276e50f,2,790,3585,2,1,0,0,0,0,2,2,0,790,229,0,0,0,0,790,790,0,3585,828,0,0,0,0,3585,3585,0,4,0,0,0,0,6,8,0
233855401,projects/0/233855401-dab9129dc66219f5c3f770e112cc2f3363d6a3a5,philip-brohan/Stripes,dab9129dc66219f5c3f770e112cc2f3363d6a3a5,121,9476,39821,121,0,0,0,0,0,121,63,0,9476,0,0,0,0,0,9476,6771,0,39821,0,0,0,0,0,39821,27973,0,0,0,0,0,0,584,221,0
542424976,projects/0/542424976-c1c83d61967d09f035a21c9d2a50998dba9b4bd1,mirshoddev99/PersonalBlog,c1c83d61967d09f035a21c9d2a50998dba9b4bd1,40,1045,3631,33,0,0,0,0,0,10,33,0,1045,0,0,0,0,0,407,1045,0,3631,0,0,0,0,0,1310,3631,0,0,0,0,0,0,17,84,0
326920196,projects/0/326920196-1af008e0e27b42a9e777ee3af04f8bf0d824ed2a,ucdavis-sta141c-2021-winter/sta141c-lectures,1af008e0e27b42a9e777ee3af04f8bf0d824ed2a,1,2,5,1,0,0,0,0,0,1,0,0,2,0,0,0,0,0,2,0,0,5,0,0,0,0,0,5,0,0,0,0,0,0,0,1,0,0
753877758,projects/0/753877758-ccc1a5c9255502ddb08fb04ce2e22922224e8108,TarushS-1996/FinGenInsights,ccc1a5c9255502ddb08fb04ce2e22922224e8108,13,628,2366,13,1,0,0,0,0,12,10,0,628,50,0,0,0,0,570,509,0,2366,161,0,0,0,0,2187,1907,0,1,0,0,0,0,29,24,0
68101249,projects/0/68101249-0d63f02f43693ac576062ad4e87636fb4159b605,raspberrypilearning/skycademy-guide,0d63f02f43693ac576062ad4e87636fb4159b605,2,70,356,2,0,0,0,0,0,2,1,0,70,0,0,0,0,0,70,40,0,356,0,0,0,0,0,356,205,0,0,0,0,0,0,6,1,0
705112450,projects/0/705112450-eb2c170ed90ea71873fdea0683a30cd456d766eb,GitDanielR/RaspberryPi-Cameras,eb2c170ed90ea71873fdea0683a30cd456d766eb,1,37,148,1,0,0,0,0,0,1,0,0,37,0,0,0,0,0,37,0,0,148,0,0,0,0,0,148,0,0,0,0,0,0,0,3,0,0
667273822,projects/0/667273822-be85955ece35bd3a5006a7fa63814f503ff5c99f,ra890927/NYCU_Deep_Learning,be85955ece35bd3a5006a7fa63814f503ff5c99f,28,4180,14580,28,1,0,0,0,0,21,25,0,4180,293,0,0,0,0,3703,4000,0,14580,852,0,0,0,0,13453,13843,0,2,0,0,0,0,72,131,0
279959794,projects/0/279959794-4b3209bdb68e8dfb8fc712e5557879ca3027e5ba,elfiyang16/aws-playground,4b3209bdb68e8dfb8fc712e5557879ca3027e5ba,5,295,850,5,0,0,0,0,0,5,4,0,295,0,0,0,0,0,295,216,0,850,0,0,0,0,0,850,607,0,0,0,0,0,0,11,4,0
144812400,projects/0/144812400-46ae8311b312bdeb47016e33ebb826539cebd146,luffy06/BiLSMTree,46ae8311b312bdeb47016e33ebb826539cebd146,2,253,1091,2,0,0,0,0,0,2,1,0,253,0,0,0,0,0,253,141,0,1091,0,0,0,0,0,1091,692,0,0,0,0,0,0,4,1,0
122682242,projects/0/122682242-486e2c91fe54025ed0a7e09f375c91709f6c9869,ctlee/gamer,486e2c91fe54025ed0a7e09f375c91709f6c9869,15,4696,15862,13,0,0,0,0,0,13,11,0,4638,0,0,0,0,0,4638,4452,0,15540,0,0,0,0,0,15540,14912,0,0,0,0,0,0,52,46,0
255387249,projects/0/255387249-b80e0ce49da6b7279bf62184c49c8e1515af5238,gordon-frost-hwu/ALLAgents,b80e0ce49da6b7279bf62184c49c8e1515af5238,18,1699,7538,15,0,0,0,0,0,14,15,0,1699,0,0,0,0,0,1692,1699,0,7538,0,0,0,0,0,7512,7538,0,0,0,0,0,0,26,69,0
46245465,projects/0/46245465-0149c7479352dff97b94c077e96e179db6b607ee,redmi2/android_art,0149c7479352dff97b94c077e96e179db6b607ee,7,6003,28671,6,1,0,0,0,0,6,1,0,5848,4046,0,0,0,0,5848,777,0,28031,20353,0,0,0,0,28031,3926,0,1,0,0,0,0,30,1,0
150281119,projects/0/150281119-d3e65f50b6b2410f15199fb9f447755d9f8868d7,Alaureau/Eceborg-Eurobot,d3e65f50b6b2410f15199fb9f447755d9f8868d7,1,48,182,1,0,0,0,0,0,0,1,0,48,0,0,0,0,0,0,48,0,182,0,0,0,0,0,0,182,0,0,0,0,0,0,0,1,0
192372074,projects/0/192372074-148372cd5ae01303e91e2366eed6e781bd451d79,psotoarenas/B-61_app_identification,148372cd5ae01303e91e2366eed6e781bd451d79,8,499,2027,5,0,0,0,0,0,4,5,0,487,0,0,0,0,0,470,487,0,1907,0,0,0,0,0,1851,1907,0,0,0,0,0,0,15,5,0
485162347,projects/0/485162347-2f17dab118f931c3f3411311df098c08798133eb,MaxChandlerII/Bible-Book-Retriever,2f17dab118f931c3f3411311df098c08798133eb,1,99,480,1,0,0,0,0,0,1,1,0,99,0,0,0,0,0,99,99,0,480,0,0,0,0,0,480,480,0,0,0,0,0,0,1,2,0
276634904,projects/0/276634904-edccc32c8857d72cb06dab826202ada7b734d2d7,EOEPCA-archive/um-pdp-engine,edccc32c8857d72cb06dab826202ada7b734d2d7,36,3122,12408,28,1,0,0,0,0,23,25,0,3073,48,0,0,0,0,3020,2941,0,12244,161,0,0,0,0,12027,11797,0,1,0,0,0,0,110,124,0
202326768,projects/0/202326768-3df64bcb9e407a06047445aab4161c93b6b94178,ArijitBasu/dog-app,3df64bcb9e407a06047445aab4161c93b6b94178,1,19,95,1,0,0,0,0,0,0,1,0,19,0,0,0,0,0,0,19,0,95,0,0,0,0,0,0,95,0,0,0,0,0,0,0,5,0
224751456,projects/0/224751456-01bbf9739af94d499961f5a9ad20c2549733f0ac,melMass/blender_mslink,01bbf9739af94d499961f5a9ad20c2549733f0ac,1,652,2958,1,0,0,1,0,0,1,1,0,652,0,0,652,0,0,652,652,0,2958,0,0,2958,0,0,2958,2958,0,0,0,24,0,0,1,1,0
238017005,projects/0/238017005-8e436ffbaee24b6a3620bd19424413c29305f97f,p3miki/TP1_ForageDonnees,8e436ffbaee24b6a3620bd19424413c29305f97f,10,120,383,5,0,0,0,0,0,3,2,0,120,0,0,0,0,0,97,23,0,383,0,0,0,0,0,321,62,0,0,0,0,0,0,6,4,0
296175667,projects/0/296175667-0f5d755c73bf6231d14e2cd08297b3fa9d6eb503,LeonardoDEVinci/stalker,0f5d755c73bf6231d14e2cd08297b3fa9d6eb503,14,563,1548,11,0,0,0,0,0,4,11,0,563,0,0,0,0,0,384,563,0,1548,0,0,0,0,0,1023,1548,0,0,0,0,0,0,6,20,0
424065675,projects/0/424065675-a1c3c312c362ca30c7202645b047664e36a690e7,xiaoma20082008/pvm,a1c3c312c362ca30c7202645b047664e36a690e7,2,70,257,1,0,0,0,0,0,1,0,0,62,0,0,0,0,0,62,0,0,233,0,0,0,0,0,233,0,0,0,0,0,0,0,6,0,0
764859414,projects/0/764859414-d5e954c872ee6de00d7dee6b6b6c11afbe9f60c8,UniFil-NPI/sistema-equivalencias-joaobelone,d5e954c872ee6de00d7dee6b6b6c11afbe9f60c8,1,5,24,0,0,0,0,0,0,0,0,0,0,0,0,0,0,0,0,0,0,0,0,0,0,0,0,0,0,0,0,0,0,0,0,0,0,0
131456820,projects/0/131456820-38f3ef49faa877be2213113f6dbc4d9883558c13,ornitorrincco/CodeMaker,38f3ef49faa877be2213113f6dbc4d9883558c13,564,193463,824519,523,21,1,15,15,1,416,369,2,178685,11004,753,13987,11556,125,165956,140033,218,725692,43429,3227,51741,42892,501,672797,542461,849,34,6,29,24,1,1485,1789,2
718628189,projects/0/718628189-139d79edb9f01a70d4eb0fa88952c50b90484d40,NordingNord/Final_Embbeded_Group6,139d79edb9f01a70d4eb0fa88952c50b90484d40,2,293,1296,2,0,0,0,0,0,2,1,0,293,0,0,0,0,0,293,251,0,1296,0,0,0,0,0,1296,1094,0,0,0,0,0,0,16,6,0
157074814,projects/0/157074814-3ebb31221c5c71c502b5e27cc47d3b4ed5964183,Olya14/cs50,3ebb31221c5c71c502b5e27cc47d3b4ed5964183,24,559,1723,6,0,0,0,0,0,6,0,0,366,0,0,0,0,0,366,0,0,1028,0,0,0,0,0,1028,0,0,0,0,0,0,0,7,0,0
326020221,projects/0/326020221-3983f2aafdfdac22e0314968fcac2b170324d264,icehongsi/algorithmTest,3983f2aafdfdac22e0314968fcac2b170324d264,170,6028,25435,91,33,0,0,0,0,37,47,0,3881,1811,0,0,0,0,1731,1923,0,16873,7783,0,0,0,0,7137,8506,0,45,0,0,0,0,45,55,0
501333102,projects/0/501333102-bf487273a87ac8e0749cb91bd1c97d7880ca3a92,azegheru/python-example-app,bf487273a87ac8e0749cb91bd1c97d7880ca3a92,4,282,1036,4,0,0,0,0,0,4,4,0,282,0,0,0,0,0,282,282,0,1036,0,0,0,0,0,1036,1036,0,0,0,0,0,0,14,18,0
703618949,projects/0/703618949-378f27cd00629e82f444bac7c92759f7ab347a32,zawislakm/Concurrency_Theory,378f27cd00629e82f444bac7c92759f7ab347a32,3,417,1620,3,0,0,0,0,0,3,1,0,417,0,0,0,0,0,417,122,0,1620,0,0,0,0,0,1620,441,0,0,0,0,0,0,10,1,0
708381797,projects/0/708381797-9c567a2d77529de3ddd0da1c8f74d0bcaf220c2d,ShashkovS/tgbotzero,9c567a2d77529de3ddd0da1c8f74d0bcaf220c2d,29,977,2851,25,2,0,0,0,0,10,23,0,966,294,0,0,0,0,728,920,0,2832,958,0,0,0,0,2385,2665,0,4,0,0,0,0,31,35,0
534132469,projects/0/534132469-a177d4a1d37b920babe28fe14e21c737128f7e45,VickoLee/alx-low_level_programming,a177d4a1d37b920babe28fe14e21c737128f7e45,1,11,61,1,0,0,0,0,0,1,0,0,11,0,0,0,0,0,11,0,0,61,0,0,0,0,0,61,0,0,0,0,0,0,0,2,0,0
664070781,projects/0/664070781-e4412870799f359b1b2bfc8d274a299309636f96,JimySheepman/go-master,e4412870799f359b1b2bfc8d274a299309636f96,1,17,38,1,0,0,0,0,0,1,0,0,17,0,0,0,0,0,17,0,0,38,0,0,0,0,0,38,0,0,0,0,0,0,0,2,0,0
608167012,projects/0/608167012-eeacd620fce2b97e61fee5609dff0113ca03597b,andrewcaunes/FTSC,eeacd620fce2b97e61fee5609dff0113ca03597b,1,283,1527,1,0,0,0,0,0,1,1,0,283,0,0,0,0,0,283,283,0,1527,0,0,0,0,0,1527,1527,0,0,0,0,0,0,8,2,0
315328033,projects/0/315328033-d0f8a02558cb772661ece58f6e297857c3dda17d,scassells/C360WS2Tools,d0f8a02558cb772661ece58f6e297857c3dda17d,19,4161,18599,13,0,0,0,0,0,13,4,0,3867,0,0,0,0,0,3867,2620,0,16780,0,0,0,0,0,16780,10471,0,0,0,0,0,0,36,7,0
739608115,projects/0/739608115-968dbcd0e8f3737f6b8a076fae43790ca0936162,azh05/discord-basketbot,968dbcd0e8f3737f6b8a076fae43790ca0936162,16,983,3518,12,0,0,0,0,0,11,10,0,983,0,0,0,0,0,965,817,0,3518,0,0,0,0,0,3481,2709,0,0,0,0,0,0,32,27,0
16019417,projects/0/16019417-aeaf1176269c672cd1a424f62c9e5be775b43373,w3c/webvtt,aeaf1176269c672cd1a424f62c9e5be775b43373,1,146,483,1,0,0,0,0,0,1,0,0,146,0,0,0,0,0,146,0,0,483,0,0,0,0,0,483,0,0,0,0,0,0,0,2,0,0
641395130,projects/0/641395130-4999efb270ea09cd55a564db5655e38fcc462043,SuleymanSamet/kursedu.com,4999efb270ea09cd55a564db5655e38fcc462043,48,959,2864,39,0,0,0,0,0,6,39,0,959,0,0,0,0,0,233,959,0,2864,0,0,0,0,0,668,2864,0,0,0,0,0,0,7,70,0
572344719,projects/0/572344719-37dcf9f356baaa409e908046e7f62b7c921e6e71,wangkaiwan/wangkaiwan.github.io,37dcf9f356baaa409e908046e7f62b7c921e6e71,1,24,97,1,0,0,0,0,0,1,1,0,24,0,0,0,0,0,24,24,0,97,0,0,0,0,0,97,97,0,0,0,0,0,0,3,2,0
605441719,projects/0/605441719-a46461cfc03c47e7f90ab1cb705cc523fb719d75,nfu40923225/resume-nfu40923225,a46461cfc03c47e7f90ab1cb705cc523fb719d75,4,584,2049,3,1,0,0,0,0,3,2,0,357,215,0,0,0,0,357,316,0,1561,960,0,0,0,0,1561,1419,0,2,0,0,0,0,3,6,0
508102747,projects/0/508102747-1f78fdf7993008c73b6da91ff973a05fbaa99d11,iamola007/alx-higher_level_programming,1f78fdf7993008c73b6da91ff973a05fbaa99d11,221,11301,36579,77,0,0,0,0,0,44,44,0,6926,0,0,0,0,0,5853,5501,0,23969,0,0,0,0,0,21177,19326,0,0,0,0,0,0,113,65,0
688591341,projects/0/688591341-1dd267bf48a57ae9e131f4188f8252e94c65db21,GeorgeBelkov/CalculationMethods,1dd267bf48a57ae9e131f4188f8252e94c65db21,1,72,262,1,0,0,0,0,0,1,0,0,72,0,0,0,0,0,72,0,0,262,0,0,0,0,0,262,0,0,0,0,0,0,0,3,0,0
663549410,projects/0/663549410-2d09613692a0aac02622998a408b2482dc090b73,anusha265/pdfsplit,2d09613692a0aac02622998a408b2482dc090b73,14,265,792,11,0,0,0,0,0,5,11,0,265,0,0,0,0,0,234,265,0,792,0,0,0,0,0,690,792,0,0,0,0,0,0,6,17,0
109931032,projects/0/109931032-a7f10590714f4aaf7185b143a40d356ddae70352,Yohoa/Network-Nuaa-by-Raf,a7f10590714f4aaf7185b143a40d356ddae70352,2,76,309,2,0,0,0,0,0,2,0,0,76,0,0,0,0,0,76,0,0,309,0,0,0,0,0,309,0,0,0,0,0,0,0,4,0,0
552816781,projects/0/552816781-b397bade58c13f67e987bedc3b3ef84efcd99346,Code-Lab-1/programming-skills-portfolio-Hamadn,b397bade58c13f67e987bedc3b3ef84efcd99346,88,1240,6040,8,0,0,0,0,0,4,4,0,137,0,0,0,0,0,43,94,0,496,0,0,0,0,0,129,367,0,0,0,0,0,0,4,4,0
16091185,projects/0/16091185-1fefad84b2d3a90790488acdd9ee9951e0e39fba,arowser/xcoin,1fefad84b2d3a90790488acdd9ee9951e0e39fba,1,284,1220,1,0,0,0,0,0,1,0,0,284,0,0,0,0,0,284,0,0,1220,0,0,0,0,0,1220,0,0,0,0,0,0,0,1,0,0
717269970,projects/0/717269970-7b90d285651b68d39a94f3d3bd3672f84192c989,gkamradt/LLMTest_NeedleInAHaystack,7b90d285651b68d39a94f3d3bd3672f84192c989,15,1357,6050,15,0,0,0,0,0,7,15,0,1357,0,0,0,0,0,1157,1357,0,6050,0,0,0,0,0,5285,6050,0,0,0,0,0,0,20,63,0
431664754,projects/0/431664754-eca454ef5491df041c7b70d872209ba61c5a44a8,Sierra-College-Robotics-Club/Firebot-Lidar,eca454ef5491df041c7b70d872209ba61c5a44a8,3,400,1629,3,2,0,0,0,0,3,1,0,400,379,0,0,0,0,400,21,0,1629,1552,0,0,0,0,1629,77,0,4,0,0,0,0,13,1,0
232691388,projects/0/232691388-d732309f041bf358341d01719dc83e2392d5ddea,oktaysenkan/most-used-words,d732309f041bf358341d01719dc83e2392d5ddea,0,0,0,0,0,0,0,0,0,0,0,0,0,0,0,0,0,0,0,0,0,0,0,0,0,0,0,0,0,0,0,0,0,0,0,0,0,0
376856669,projects/0/376856669-49df68cb726b8c4a0dc258878541f2f35fed9915,zhendong3wang/learning-time-series-counterfactuals,49df68cb726b8c4a0dc258878541f2f35fed9915,9,2456,8454,8,0,0,0,0,0,7,7,0,2456,0,0,0,0,0,2196,2403,0,8454,0,0,0,0,0,7394,8226,0,0,0,0,0,0,26,35,0
240870383,projects/0/240870383-53215b3e37e69e2cced75da46095b91431c37958,JaidenRM/LoRApp,53215b3e37e69e2cced75da46095b91431c37958,9,401,1181,6,0,0,0,0,0,5,5,0,306,0,0,0,0,0,258,262,0,920,0,0,0,0,0,774,812,0,0,0,0,0,0,5,9,0
136832012,projects/0/136832012-c664c5d31642ad9be574d59b8ef7f07e4d4ddf39,yyouan/angleline-master,c664c5d31642ad9be574d59b8ef7f07e4d4ddf39,2,286,1638,2,1,0,0,0,0,2,0,0,286,267,0,0,0,0,286,0,0,1638,1566,0,0,0,0,1638,0,0,1,0,0,0,0,10,0,0
302386250,projects/0/302386250-a1b5c1d81214f4470ba9e577e066ae47215c7a99,kaydxh/golang,a1b5c1d81214f4470ba9e577e066ae47215c7a99,63,13548,50001,62,0,2,0,1,0,56,49,1,13548,0,1268,0,4,0,13137,12333,120,50001,0,3828,0,17,0,48827,46122,497,0,2,0,1,0,175,106,3
490734417,projects/0/490734417-305492eb580ea649a65f75ac0e64f75590cafe03,AleksanderKuznetsov/survivor,305492eb580ea649a65f75ac0e64f75590cafe03,29,1597,6235,4,1,0,0,0,0,2,2,0,473,136,0,0,0,0,309,290,0,1389,355,0,0,0,0,944,863,0,5,0,0,0,0,2,2,0
119067898,projects/0/119067898-c770fbc0200047dc3b69b70cc329041dec4b3144,zoeduan/Graph,c770fbc0200047dc3b69b70cc329041dec4b3144,1,180,569,1,0,0,0,0,0,1,1,0,180,0,0,0,0,0,180,180,0,569,0,0,0,0,0,569,569,0,0,0,0,0,0,2,2,0
167634372,projects/0/167634372-3301e822f62d7e18545c28cb2e7eece572a98682,fatimasalmanmirza/api-eventbrite-labwork,3301e822f62d7e18545c28cb2e7eece572a98682,1,175,597,1,0,0,0,0,0,1,1,0,175,0,0,0,0,0,175,175,0,597,0,0,0,0,0,597,597,0,0,0,0,0,0,2,3,0
349656428,projects/0/349656428-4180099e25fc1696a6cca377ff40a3b9afe0158a,ceshiren/HogwartsFIS04,4180099e25fc1696a6cca377ff40a3b9afe0158a,68,2026,6136,42,1,0,0,0,0,23,24,0,1609,27,0,0,0,0,901,1013,0,5234,43,0,0,0,0,2896,3755,0,1,0,0,0,0,27,66,0
354973311,projects/0/354973311-d63491504e630231c1c8c892d6777e89eede47fe,paulazuelos/Experimental_profile_ray_tracing,d63491504e630231c1c8c892d6777e89eede47fe,10,862,4823,9,0,0,0,0,0,2,9,0,861,0,0,0,0,0,76,861,0,4819,0,0,0,0,0,228,4819,0,0,0,0,0,0,6,25,0
282935387,projects/0/282935387-d92d739da571e7319763eec2a207aac58272332c,Juan-C-Suarez/poketeams,d92d739da571e7319763eec2a207aac58272332c,21,989,3796,18,0,0,0,0,0,9,17,0,989,0,0,0,0,0,824,866,0,3796,0,0,0,0,0,3241,3473,0,0,0,0,0,0,16,31,0
474771571,projects/0/474771571-33740c054869a077af49d8c91845f1cc979a23e3,s18891/PAD1i2,33740c054869a077af49d8c91845f1cc979a23e3,4,265,812,3,0,0,0,0,0,3,0,0,236,0,0,0,0,0,236,0,0,712,0,0,0,0,0,712,0,0,0,0,0,0,0,5,0,0
588500175,projects/0/588500175-0bcd6ced7ea3f9657efc030a373e8a10151f9d57,matyasmatta/astrox,0bcd6ced7ea3f9657efc030a373e8a10151f9d57,91,20985,82600,87,27,0,0,0,0,64,74,0,20980,17502,0,0,0,0,20398,20757,0,82574,70331,0,0,0,0,80656,81821,0,205,0,0,0,0,290,410,0
526360800,projects/0/526360800-90bf35259ef7d59fa1944a896159bfaa6ffcabf6,OSUrobotics/ROB456,90bf35259ef7d59fa1944a896159bfaa6ffcabf6,33,5867,31964,31,0,0,0,0,0,31,21,0,5517,0,0,0,0,0,5517,3798,0,29560,0,0,0,0,0,29560,19110,0,0,0,0,0,0,76,63,0
716353752,projects/0/716353752-5fe2187835feb576ed41a1ebd788755373ee030b,mlanser/f451-sensehat,5fe2187835feb576ed41a1ebd788755373ee030b,12,2236,8309,8,2,0,0,0,0,7,6,0,2197,732,0,0,0,0,1964,1981,0,8130,2660,0,0,0,0,7305,7463,0,7,0,0,0,0,15,16,0
791357410,projects/0/791357410-835e352ddc0f81e7126285b947d5d1b1ddabda32,kishernrao/TT8L-10,835e352ddc0f81e7126285b947d5d1b1ddabda32,1,321,1331,1,0,0,0,0,0,1,1,0,321,0,0,0,0,0,321,321,0,1331,0,0,0,0,0,1331,1331,0,0,0,0,0,0,1,7,0
797178757,projects/0/797178757-b16f562385c985257aa6275b2b3030c36eb7aba8,giohunter2011/homeworks,b16f562385c985257aa6275b2b3030c36eb7aba8,36,418,823,2,0,0,0,0,0,0,2,0,148,0,0,0,0,0,0,148,0,237,0,0,0,0,0,0,237,0,0,0,0,0,0,0,2,0
294333515,projects/0/294333515-cfbabac9af02cd1422174b85c63a8fee55796b20,kdiri/DataStructuresithPython,cfbabac9af02cd1422174b85c63a8fee55796b20,16,30,129,1,0,0,0,0,0,1,1,0,30,0,0,0,0,0,30,30,0,129,0,0,0,0,0,129,129,0,0,0,0,0,0,1,1,0
744967794,projects/0/744967794-3401a62107b63c66bff7668d38462653307f8140,jeyries/solutionsrh13,3401a62107b63c66bff7668d38462653307f8140,1,12,30,1,0,0,0,0,0,1,1,0,12,0,0,0,0,0,12,12,0,30,0,0,0,0,0,30,30,0,0,0,0,0,0,2,1,0
81143978,projects/0/81143978-4c6cc16c0b6da729c6b7bf8004e4e27dfff41e88,simoncasta/arquitectura-de-computadores,4c6cc16c0b6da729c6b7bf8004e4e27dfff41e88,5,88,292,0,0,0,0,0,0,0,0,0,0,0,0,0,0,0,0,0,0,0,0,0,0,0,0,0,0,0,0,0,0,0,0,0,0,0
656406484,projects/0/656406484-f7a717a4f3cb77c1536b1d3d88cab2acf93839a1,amsilva1971/FTC_Curry-Company,f7a717a4f3cb77c1536b1d3d88cab2acf93839a1,4,659,2474,4,0,0,0,0,0,4,4,0,659,0,0,0,0,0,659,659,0,2474,0,0,0,0,0,2474,2474,0,0,0,0,0,0,18,13,0
629880291,projects/0/629880291-049ee7d72708f10c4af25e49fed20ba7f1063302,Abiton198/machine-learning-and-sql-databases,049ee7d72708f10c4af25e49fed20ba7f1063302,6,421,1406,6,0,0,0,0,0,6,0,0,421,0,0,0,0,0,421,0,0,1406,0,0,0,0,0,1406,0,0,0,0,0,0,0,16,0,0
776209795,projects/0/776209795-010c5e566dac71d77a780a2b6af20c44d8fea286,shahriargolchin/time-travel-in-llms,010c5e566dac71d77a780a2b6af20c44d8fea286,19,973,3226,12,0,0,0,0,0,10,7,0,815,0,0,0,0,0,740,527,0,2585,0,0,0,0,0,2369,1571,0,0,0,0,0,0,14,27,0
330500533,projects/0/330500533-eb744b15c416460a4f8716bed924189c0790c2d6,atrevidoantonio/jolts-forecasting,eb744b15c416460a4f8716bed924189c0790c2d6,8,2201,10722,8,0,0,0,0,0,8,5,0,2201,0,0,0,0,0,2201,1758,0,10722,0,0,0,0,0,10722,8928,0,0,0,0,0,0,84,25,0
248480592,projects/0/248480592-dcd66bc8cf77ccd4ffe9bf763907a40e3698ae96,AlejandroRuzafa/Python,dcd66bc8cf77ccd4ffe9bf763907a40e3698ae96,54,1025,2818,7,0,0,0,0,0,2,5,0,358,0,0,0,0,0,48,310,0,1012,0,0,0,0,0,110,902,0,0,0,0,0,0,2,5,0
778449175,projects/0/778449175-3e595995c4e59f3437812595f5cac6b9e41c4e26,Miguel28021/Semantic-Searcher,3e595995c4e59f3437812595f5cac6b9e41c4e26,8,378,1446,8,0,0,0,0,0,6,6,0,378,0,0,0,0,0,348,358,0,1446,0,0,0,0,0,1380,1308,0,0,0,0,0,0,14,13,0
484094607,projects/0/484094607-0913883f705a721250dc51b97bae4b6a70c722ab,CatLoveFishma/Federated-learning,0913883f705a721250dc51b97bae4b6a70c722ab,11,802,3381,9,0,0,0,0,0,9,7,0,766,0,0,0,0,0,766,741,0,3197,0,0,0,0,0,3197,3060,0,0,0,0,0,0,43,30,0
431808427,projects/0/431808427-566fcfea7c405fb988a53d091b689379ad1799d5,krishnaveni-7198/DataScience,566fcfea7c405fb988a53d091b689379ad1799d5,42,1356,4070,29,0,0,0,0,0,28,11,0,1197,0,0,0,0,0,1175,914,0,3442,0,0,0,0,0,3360,2080,0,0,0,0,0,0,50,30,0
199495645,projects/0/199495645-6bbaab45bb624d87d2af8c8f941dfa3d54cfc5bd,shiron263/twitter_scraping_scripts,6bbaab45bb624d87d2af8c8f941dfa3d54cfc5bd,2578,1140376,4489457,2387,82,2,46,44,1,1815,2173,5,1110414,75242,1633,49223,38125,125,1016804,1065699,1331,4290581,278280,6637,187827,152143,501,3940094,4084594,5687,184,7,72,96,1,6694,13656,6
458697016,projects/0/458697016-74fe992110750ecc5b2fd2b4e4efa5411da9dbcc,ProhorDas/RIRURU-AI-RAW-Elytra8,74fe992110750ecc5b2fd2b4e4efa5411da9dbcc,121,24005,89355,120,8,1,0,2,0,77,120,0,23995,3428,311,0,1341,0,19594,23995,0,89322,12734,1189,0,5253,0,73886,89322,0,42,1,0,2,0,241,632,0
750941568,projects/0/750941568-9a4351ceb060f0dc6ae9cfc0e9375021a0300b7f,IceBerG-15/LeetCode,9a4351ceb060f0dc6ae9cfc0e9375021a0300b7f,276,4136,14395,5,0,0,0,0,0,2,3,0,97,0,0,0,0,0,34,63,0,348,0,0,0,0,0,124,224,0,0,0,0,0,0,2,3,0
539369348,projects/0/539369348-7433858fd77d0de99ec09aa697a1505520feaf63,Suraj1089/SPPU-Result-Convertor,7433858fd77d0de99ec09aa697a1505520feaf63,9,1417,5752,9,0,0,0,0,0,9,6,0,1417,0,0,0,0,0,1417,1201,0,5752,0,0,0,0,0,5752,4732,0,0,0,0,0,0,33,9,0
124913828,projects/0/124913828-6cf336aa0d9243683f8bce6050261abe0e915b3a,SheffieldChemoinformatics/missing-data-multitask-methods,6cf336aa0d9243683f8bce6050261abe0e915b3a,8,2043,8465,7,0,0,0,0,0,7,6,0,2042,0,0,0,0,0,2042,2034,0,8459,0,0,0,0,0,8459,8447,0,0,0,0,0,0,37,13,0
217738403,projects/0/217738403-e688f73502c411c67990aea22e8cc96a92b9bd4c,siddmirjank/Computer-Vision,e688f73502c411c67990aea22e8cc96a92b9bd4c,18,3268,13047,18,0,0,0,0,0,18,14,0,3268,0,0,0,0,0,3268,2754,0,13047,0,0,0,0,0,13047,10689,0,0,0,0,0,0,102,79,0
700958364,projects/0/700958364-f0713641144ead91b80509c5e0678fbc3978fd3a,Glenrunc/Rasende_Roboter,f0713641144ead91b80509c5e0678fbc3978fd3a,8,1352,5797,8,0,0,0,0,0,3,8,0,1352,0,0,0,0,0,371,1352,0,5797,0,0,0,0,0,1269,5797,0,0,0,0,0,0,9,15,0
438836740,projects/0/438836740-b25df4041b639b32a7bfb4977e018981c1a04f8e,PiSwapProtocol/PiSwap-playground,b25df4041b639b32a7bfb4977e018981c1a04f8e,7,482,1913,7,0,0,0,0,0,2,7,0,482,0,0,0,0,0,160,482,0,1913,0,0,0,0,0,653,1913,0,0,0,0,0,0,2,21,0
642017811,projects/0/642017811-5c3163e44bb4d46fad0051c106a987b4e038472f,viniciusbp7/pygame.gv,5c3163e44bb4d46fad0051c106a987b4e038472f,5,6952,26418,5,0,0,0,0,0,5,5,0,6952,0,0,0,0,0,6952,6952,0,26418,0,0,0,0,0,26418,26418,0,0,0,0,0,0,10,5,0
633390516,projects/0/633390516-72bb1209fdbd67929ae4d5aa3c89c5ee5dd20990,wct-james/sql-field-report,72bb1209fdbd67929ae4d5aa3c89c5ee5dd20990,17,1140,3416,12,0,0,0,0,0,9,11,0,1073,0,0,0,0,0,953,1069,0,3256,0,0,0,0,0,2890,3242,0,0,0,0,0,0,32,32,0
459830150,projects/0/459830150-247d59e7bb8a58bb2185bce36095d6389b72c35b,CloudTsang/egret-2434Monopoly,247d59e7bb8a58bb2185bce36095d6389b72c35b,1,21,65,1,0,0,0,0,0,1,0,0,21,0,0,0,0,0,21,0,0,65,0,0,0,0,0,65,0,0,0,0,0,0,0,1,0,0
196361620,projects/0/196361620-85811a7eb91827cc7971011b21f797bc01dca8dd,amir9979/javadiff,85811a7eb91827cc7971011b21f797bc01dca8dd,21,2802,12455,17,0,0,0,0,0,15,14,0,2187,0,0,0,0,0,2080,1755,0,8608,0,0,0,0,0,8161,7384,0,0,0,0,0,0,63,56,0
633888681,projects/0/633888681-5e2cf10379949f65fae0595809a1a8ee5871b015,KurtAntAbano/Programming-Project,5e2cf10379949f65fae0595809a1a8ee5871b015,75,7886,34846,70,4,0,0,0,0,43,45,0,7770,290,0,0,0,0,6156,5863,0,34128,632,0,0,0,0,28498,26885,0,9,0,0,0,0,70,97,0
22442501,projects/0/22442501-f59c32b9fb5694200be2ca0378fea55a5110c6d9,Almisuifre/POSL-ROVER,f59c32b9fb5694200be2ca0378fea55a5110c6d9,1,439,2160,1,0,0,0,0,0,1,0,0,439,0,0,0,0,0,439,0,0,2160,0,0,0,0,0,2160,0,0,0,0,0,0,0,4,0,0
167845805,projects/0/167845805-992bd129648d7064d271c0dd471183f68d78dcb1,mpogrebnyak/thesis,992bd129648d7064d271c0dd471183f68d78dcb1,16,1793,9169,13,0,0,0,0,0,10,12,0,1715,0,0,0,0,0,1687,1637,0,8984,0,0,0,0,0,8119,8609,0,0,0,0,0,0,15,30,0
197077363,projects/0/197077363-c981c1ee4471eb3bebf934aec1972b4d8581340a,faber6911/meetology,c981c1ee4471eb3bebf934aec1972b4d8581340a,1,290,848,1,0,0,0,0,0,1,1,0,290,0,0,0,0,0,290,290,0,848,0,0,0,0,0,848,848,0,0,0,0,0,0,19,25,0
260827118,projects/0/260827118-dbcc13ea97cf9216898518f4b4eeacb2a2e039df,mohit2530/LawnSprinklerSystem,dbcc13ea97cf9216898518f4b4eeacb2a2e039df,13,247,719,7,0,0,0,0,0,5,4,0,233,0,0,0,0,0,169,129,0,687,0,0,0,0,0,504,384,0,0,0,0,0,0,6,10,0
220675923,projects/0/220675923-825249f5ca7ae68938ae83b5a916e82042761d78,cmarche2ti/mlb-hall-of-fame,825249f5ca7ae68938ae83b5a916e82042761d78,1,86,357,1,0,0,0,0,0,1,1,0,86,0,0,0,0,0,86,86,0,357,0,0,0,0,0,357,357,0,0,0,0,0,0,2,1,0
319440866,projects/0/319440866-327edcdbccd5e2a99ca8a9eb17691452c9a30907,d-bryan/sdev-300-lab-eight,327edcdbccd5e2a99ca8a9eb17691452c9a30907,3,879,3323,3,0,0,0,0,0,3,3,0,879,0,0,0,0,0,879,879,0,3323,0,0,0,0,0,3323,3323,0,0,0,0,0,0,7,7,0
799632444,projects/0/799632444-898aaa5f2d35ea34e9243fc994794bf02ff99044,anhnvVNU/LLM_evaluation,898aaa5f2d35ea34e9243fc994794bf02ff99044,3,269,1111,3,0,0,0,0,0,3,3,0,269,0,0,0,0,0,269,269,0,1111,0,0,0,0,0,1111,1111,0,0,0,0,0,0,14,11,0
282666351,projects/0/282666351-088bfc26bfcb8e7034f26cd19de21345e85c4e6f,zaraki02/Flask-Blog-app,088bfc26bfcb8e7034f26cd19de21345e85c4e6f,6,407,1575,6,0,0,0,0,0,3,6,0,407,0,0,0,0,0,286,407,0,1575,0,0,0,0,0,1033,1575,0,0,0,0,0,0,4,34,0
374855019,projects/0/374855019-93696da220f552f57f3b61a0ae081bbf71c385b0,LYC-vio/RNN_MNM_Capacity_modular,93696da220f552f57f3b61a0ae081bbf71c385b0,78,10797,41678,75,0,0,0,0,0,75,75,0,10794,0,0,0,0,0,10794,10794,0,41673,0,0,0,0,0,41673,41673,0,0,0,0,0,0,206,183,0
201702972,projects/0/201702972-859eb53c92a08aaf717b7a44a1f18f6ba6b4b343,CSUBioGroup/DMFLDA2,859eb53c92a08aaf717b7a44a1f18f6ba6b4b343,9,501,1836,6,0,0,0,0,0,6,5,0,457,0,0,0,0,0,457,363,0,1764,0,0,0,0,0,1764,1405,0,0,0,0,0,0,14,9,0
76185788,projects/0/76185788-bf16a42bfdc45a69cba9127568183ee6b8f61797,Joursion/club,bf16a42bfdc45a69cba9127568183ee6b8f61797,1,51,185,1,0,0,0,0,0,1,0,0,51,0,0,0,0,0,51,0,0,185,0,0,0,0,0,185,0,0,0,0,0,0,0,5,0,0
430373968,projects/0/430373968-cae5aa3abac8d62b9c6621caee8698ae96667b4c,EloiStree/2020_03_11_UnityOMI,cae5aa3abac8d62b9c6621caee8698ae96667b4c,5,329,1061,5,0,0,0,0,0,5,0,0,329,0,0,0,0,0,329,0,0,1061,0,0,0,0,0,1061,0,0,0,0,0,0,0,12,0,0
167745975,projects/0/167745975-e286e44812dcb69320bceba8321e9a2cd267969e,dannyvankooten/dutchfirecalc.nl,e286e44812dcb69320bceba8321e9a2cd267969e,1,8,53,1,0,0,0,0,0,1,0,0,8,0,0,0,0,0,8,0,0,53,0,0,0,0,0,53,0,0,0,0,0,0,0,1,0,0
253325553,projects/0/253325553-58ca1b60f08ebc4a19158792d3148aecbd4046f1,MattKaza/El-Khamis-Bot,58ca1b60f08ebc4a19158792d3148aecbd4046f1,1,251,986,1,1,0,0,0,0,1,1,0,251,251,0,0,0,0,251,251,0,986,986,0,0,0,0,986,986,0,2,0,0,0,0,5,2,0
570432543,projects/0/570432543-2b4d0b2d357ee53c267b22228f480f49a41158c0,sojung13/AlsongDalsong,2b4d0b2d357ee53c267b22228f480f49a41158c0,77,3342,11339,68,0,1,0,0,0,22,68,0,3342,0,67,0,0,0,2154,3342,0,11339,0,194,0,0,0,7635,11339,0,0,1,0,0,0,45,184,0
675886575,projects/0/675886575-f05b79be13caf8079a4fe622d92fd0f94d59527a,cedricdvd/ucdavis-grapher,f05b79be13caf8079a4fe622d92fd0f94d59527a,36,1102,3553,28,0,0,0,0,0,13,27,0,1073,0,0,0,0,0,872,1070,0,3473,0,0,0,0,0,2760,3469,0,0,0,0,0,0,25,53,0
296554769,projects/0/296554769-8cfbb9bfd917a3e34164d5d4289c152026324dec,40823214/cad2020,8cfbb9bfd917a3e34164d5d4289c152026324dec,19,1630,6008,19,0,0,0,0,0,12,17,0,1630,0,0,0,0,0,1493,1581,0,6008,0,0,0,0,0,5613,5848,0,0,0,0,0,0,28,42,0
336375751,projects/0/336375751-b502861733db732fcbed24b2faba85fdd2c31d2f,montsecomas/brain-states-dl,b502861733db732fcbed24b2faba85fdd2c31d2f,23,2354,9924,22,0,0,0,0,0,22,20,0,2306,0,0,0,0,0,2306,2236,0,9769,0,0,0,0,0,9769,9445,0,0,0,0,0,0,81,73,0
33067438,projects/0/33067438-1c8cb4b5dd73c09baab3f73ebf03860b86d4ca9b,urwithajit9/HG_NeuralNetwork,1c8cb4b5dd73c09baab3f73ebf03860b86d4ca9b,1,207,728,1,0,0,0,0,0,0,1,0,207,0,0,0,0,0,0,207,0,728,0,0,0,0,0,0,728,0,0,0,0,0,0,0,2,0
655351348,projects/0/655351348-185c20137305568fb0a5e81a212a014e11b97ed1,RRLuis/Data-Science,185c20137305568fb0a5e81a212a014e11b97ed1,1,34,130,1,0,0,0,0,0,1,1,0,34,0,0,0,0,0,34,34,0,130,0,0,0,0,0,130,130,0,0,0,0,0,0,1,1,0
119972800,projects/0/119972800-0d078a9f1290f1d927012fb852aa6fd419d1b42f,ajay0288/mine,0d078a9f1290f1d927012fb852aa6fd419d1b42f,1460,321866,1342215,1191,29,2,19,14,1,737,1011,3,311282,14676,1855,16139,11617,125,262613,268242,443,1239210,56786,8413,59730,43318,501,1040275,1040781,1549,49,7,36,23,1,2404,5025,3
728279523,projects/0/728279523-b604d49fcbfdbd3f7b1acdc08cb941b130c3c49e,SmartSecLab/DDoS-detect.,b604d49fcbfdbd3f7b1acdc08cb941b130c3c49e,6,611,2463,6,0,0,0,0,0,6,4,0,611,0,0,0,0,0,611,478,0,2463,0,0,0,0,0,2463,1717,0,0,0,0,0,0,22,13,0
822310595,projects/0/822310595-7aa5235ad791cc9ca3837442bd5e24924cf33608,hg08/hb_ihb,7aa5235ad791cc9ca3837442bd5e24924cf33608,12,2505,13247,12,0,0,0,0,0,12,8,0,2505,0,0,0,0,0,2505,2191,0,13247,0,0,0,0,0,13247,11571,0,0,0,0,0,0,42,32,0
747400329,projects/0/747400329-f9e62bcc6610c713ecf0556140ea36d6ef15181d,johnvzajac/ITP,f9e62bcc6610c713ecf0556140ea36d6ef15181d,4,25,97,0,0,0,0,0,0,0,0,0,0,0,0,0,0,0,0,0,0,0,0,0,0,0,0,0,0,0,0,0,0,0,0,0,0,0
238569231,projects/0/238569231-8e6a334e0ae399253c5534515ac9837b41019856,mitchfen/music_file_renamer,8e6a334e0ae399253c5534515ac9837b41019856,1,140,628,1,0,0,0,0,0,1,0,0,140,0,0,0,0,0,140,0,0,628,0,0,0,0,0,628,0,0,0,0,0,0,0,5,0,0
248074619,projects/0/248074619-6d78b470e3aa5a4837a96a33c5fd2ffcfd753bdb,super-projekt/super-projekt,6d78b470e3aa5a4837a96a33c5fd2ffcfd753bdb,15,257,692,6,0,0,0,0,0,1,6,0,197,0,0,0,0,0,31,197,0,550,0,0,0,0,0,151,550,0,0,0,0,0,0,1,16,0
250831936,projects/0/250831936-042785a782f3c2868718b5ecdc9696786082f41c,Prateek0097/niveshkar,042785a782f3c2868718b5ecdc9696786082f41c,25,1322,4893,25,0,0,0,0,0,13,25,0,1322,0,0,0,0,0,832,1322,0,4893,0,0,0,0,0,3035,4893,0,0,0,0,0,0,20,88,0
324077371,projects/0/324077371-3fea4e0aff63dfc06d0a9197faddc4bc3422bd47,Moeed1mdnzh/portrait-converter,3fea4e0aff63dfc06d0a9197faddc4bc3422bd47,1,25,121,1,0,0,0,0,0,1,1,0,25,0,0,0,0,0,25,25,0,121,0,0,0,0,0,121,121,0,0,0,0,0,0,2,3,0
602884770,projects/0/602884770-0b4a41124c139f54d7815ef43e3164b3972ac7d7,Faktatykki/hy-cyber-security-project,0b4a41124c139f54d7815ef43e3164b3972ac7d7,18,437,1313,14,0,0,0,0,0,6,14,0,437,0,0,0,0,0,150,437,0,1313,0,0,0,0,0,435,1313,0,0,0,0,0,0,8,31,0
133608580,projects/0/133608580-666414ddabd10837c1060e191eb34c5000ab74a5,bgelly/Scrapy_Project_2,666414ddabd10837c1060e191eb34c5000ab74a5,14,707,3174,8,0,0,0,0,0,2,6,0,519,0,0,0,0,0,44,475,0,2374,0,0,0,0,0,129,2245,0,0,0,0,0,0,2,8,0
516415222,projects/0/516415222-b217854d0382b22f0409f1aebc2af38ebd1b43a8,chiragpadyal/DevBootcamp_Backend,b217854d0382b22f0409f1aebc2af38ebd1b43a8,8,1089,3790,8,0,0,0,0,0,3,7,0,1089,0,0,0,0,0,954,1042,0,3790,0,0,0,0,0,3231,3693,0,0,0,0,0,0,9,28,0
306221184,projects/0/306221184-ab943709246f9660a7fc493df3e755e2aa357547,liyouqun/NSEC-IoT,ab943709246f9660a7fc493df3e755e2aa357547,6,3783,17797,5,2,0,0,0,0,2,2,0,3721,1680,0,0,0,0,2027,1960,0,17534,7067,0,0,0,0,10386,10178,0,4,0,0,0,0,3,2,0
740570762,projects/0/740570762-81d73c16d9fb7dfe2c35c9d5055cc928a53dd602,Hadijah-ateh/Chezmoi,81d73c16d9fb7dfe2c35c9d5055cc928a53dd602,2,101,310,2,0,0,0,0,0,2,2,0,101,0,0,0,0,0,101,101,0,310,0,0,0,0,0,310,310,0,0,0,0,0,0,2,8,0
97833460,projects/0/97833460-c876999d00365924a57319cec3d07ba0146fe42f,hjhocker/reflections_ai,c876999d00365924a57319cec3d07ba0146fe42f,15,368,1248,12,0,0,0,0,0,6,11,0,368,0,0,0,0,0,312,239,0,1248,0,0,0,0,0,1035,912,0,0,0,0,0,0,16,29,0
674225449,projects/0/674225449-1d55f86b62ffdbab9e6d36e7007d6e15a271d54e,viniciusccosta/AutoVerseReadme,1d55f86b62ffdbab9e6d36e7007d6e15a271d54e,1,105,280,1,0,0,0,0,0,1,1,0,105,0,0,0,0,0,105,105,0,280,0,0,0,0,0,280,280,0,0,0,0,0,0,2,3,0
186143409,projects/0/186143409-c23a80b89a6cadd061310091d4025d77485c16f7,anudeepk17/Yolov3,c23a80b89a6cadd061310091d4025d77485c16f7,1,892,3592,1,1,0,0,0,0,1,1,0,892,892,0,0,0,0,892,892,0,3592,3592,0,0,0,0,3592,3592,0,2,0,0,0,0,18,3,0
830452709,projects/0/830452709-d10cc8b9a5f5aff713acb6a88b76127dc3f44b8d,Maks2811/CSV_python_analyzing,d10cc8b9a5f5aff713acb6a88b76127dc3f44b8d,1,149,560,1,0,0,0,0,0,1,1,0,149,0,0,0,0,0,149,149,0,560,0,0,0,0,0,560,560,0,0,0,0,0,0,2,1,0
382305731,projects/0/382305731-4335715712db7bdde9c884f802d374f6b8386a53,Explore-AI/load-shortfall-regression-predict-api,4335715712db7bdde9c884f802d374f6b8386a53,4,261,1045,4,0,0,0,0,0,4,2,0,261,0,0,0,0,0,261,96,0,1045,0,0,0,0,0,1045,388,0,0,0,0,0,0,12,3,0
599757778,projects/0/599757778-5086eeef821f3ad0e17c356d8f1ab617cbbc41d1,SmartIsrael/alu-higher_level_programming,5086eeef821f3ad0e17c356d8f1ab617cbbc41d1,178,4230,14012,63,0,0,0,0,0,52,26,0,1853,0,0,0,0,0,1495,1110,0,6368,0,0,0,0,0,5257,3943,0,0,0,0,0,0,74,69,0
101086453,projects/0/101086453-49257ccbae0a73e88e32f5351f03eb814950f4f3,JeffersonCarvalh0/django-disciplines-crud,49257ccbae0a73e88e32f5351f03eb814950f4f3,14,333,1017,11,0,0,0,0,0,4,10,0,333,0,0,0,0,0,192,206,0,1017,0,0,0,0,0,633,684,0,0,0,0,0,0,6,19,0
662226039,projects/0/662226039-3ba9fd3524d8fceff82fb1bc9957242de09f8482,sufyanserdah/MyFirstDjangoProject,3ba9fd3524d8fceff82fb1bc9957242de09f8482,1466,531753,1982513,1335,44,14,33,36,2,992,1262,2,506187,51497,42845,29186,59956,278,386455,500071,72,1878849,194821,159950,118687,220522,1088,1489877,1840793,200,76,16,67,58,2,3761,7212,2
175991844,projects/0/175991844-813e58b43effa8848722d1503837603f18aebd6a,dspray95/open-recipe,813e58b43effa8848722d1503837603f18aebd6a,2442,761179,2886153,2210,91,1,44,21,1,1475,2018,2,707973,44745,2989,29865,9877,908,575542,684058,1077,2601445,171839,11239,107447,37863,3033,2130008,2506554,4988,152,1,81,60,1,4797,11300,2
46643501,projects/0/46643501-5e8ceadf5708a525287357f83ca927edd519b0dd,justincely/disk_detective_data,5e8ceadf5708a525287357f83ca927edd519b0dd,3,513,1508,3,0,0,0,0,0,3,3,0,513,0,0,0,0,0,513,513,0,1508,0,0,0,0,0,1508,1508,0,0,0,0,0,0,12,15,0
573055077,projects/0/573055077-8ac0389b2d584203870b1487475792bfa36acf31,ThomSullivan/Bacon,8ac0389b2d584203870b1487475792bfa36acf31,73,2037,6696,62,0,0,0,0,0,16,62,0,2037,0,0,0,0,0,1172,2037,0,6696,0,0,0,0,0,3930,6696,0,0,0,0,0,0,24,140,0
757987384,projects/0/757987384-33f5b8636890ef89975c9bccae5e47d4970afa66,absolutepraya/ddp-2,33f5b8636890ef89975c9bccae5e47d4970afa66,2,36,110,1,0,0,0,0,0,0,1,0,20,0,0,0,0,0,0,20,0,53,0,0,0,0,0,0,53,0,0,0,0,0,0,0,1,0
291434287,projects/0/291434287-cb8ef982a0a5f265674c96a785c18ba6e8fe75ec,vikram-bais/OpenCV_and_ArucoMarker,cb8ef982a0a5f265674c96a785c18ba6e8fe75ec,2,155,709,1,0,0,0,0,0,1,1,0,110,0,0,0,0,0,110,110,0,553,0,0,0,0,0,553,553,0,0,0,0,0,0,4,1,0
805514039,projects/0/805514039-b799d650cb6939d8c4e7428690bfc5e45f0aafe6,Singh8899/CDMO_Project,b799d650cb6939d8c4e7428690bfc5e45f0aafe6,10,1761,7866,10,1,0,0,0,0,10,8,0,1761,193,0,0,0,0,1761,1360,0,7866,891,0,0,0,0,7866,6311,0,1,0,0,0,0,34,27,0
235882286,projects/0/235882286-da3889cbecd7bd84a13a31389e8174e00fa31d0d,JackSnowdon/JoshBlog,da3889cbecd7bd84a13a31389e8174e00fa31d0d,38,701,2237,31,0,0,0,0,0,7,29,0,701,0,0,0,0,0,266,551,0,2237,0,0,0,0,0,780,1828,0,0,0,0,0,0,10,58,0
142694629,projects/0/142694629-98b5e3e6ef429e220a6e990057a8317b23fb0649,shakalaca/android_kernel_asus_zb602kl,98b5e3e6ef429e220a6e990057a8317b23fb0649,40,10451,42340,39,16,0,0,0,0,37,26,0,10450,7841,0,0,0,0,10276,8169,0,42331,32053,0,0,0,0,41809,33939,0,58,0,0,0,0,100,57,0
51916988,projects/0/51916988-044ed5f927b45dd5033c9383085ad5922c61f331,chembl/GLaDOS,044ed5f927b45dd5033c9383085ad5922c61f331,175,20341,116754,147,11,0,0,0,0,65,139,0,20082,1439,0,0,0,0,9373,19828,0,113202,4576,0,0,0,0,29731,112313,0,29,0,0,0,0,252,362,0
320762223,projects/0/320762223-6ff7e049847fb896b975106c6aa8ac169037e25b,Nishant173/futboller,6ff7e049847fb896b975106c6aa8ac169037e25b,60,4479,16636,48,0,0,0,0,0,26,46,0,4388,0,0,0,0,0,3173,4327,0,16357,0,0,0,0,0,12129,16109,0,0,0,0,0,0,49,117,0
8310886,projects/0/8310886-0800da1f70acff9edf9fc0874caf5b608bcf7185,tharen/PyFVS,0800da1f70acff9edf9fc0874caf5b608bcf7185,38,10473,38392,36,1,0,1,0,0,35,16,0,10467,2861,0,2305,0,0,10466,7950,0,38366,9954,0,8687,0,0,38363,28688,0,1,0,2,0,0,186,51,0
43219367,projects/0/43219367-8a45f711f3b033046519aababb6005f85065f36a,bldgk/Labs,8a45f711f3b033046519aababb6005f85065f36a,2,137,535,1,0,0,0,0,0,1,1,0,68,0,0,0,0,0,68,68,0,270,0,0,0,0,0,270,270,0,0,0,0,0,0,2,2,0
746080217,projects/0/746080217-0b19eb1d5d035a2e8e5ec5956c74e438a6b9852c,ahad-jiva/text-similarity,0b19eb1d5d035a2e8e5ec5956c74e438a6b9852c,2,94,382,2,0,0,0,0,0,1,1,0,94,0,0,0,0,0,89,5,0,382,0,0,0,0,0,363,19,0,0,0,0,0,0,2,1,0
808293956,projects/0/808293956-b4cd2fa01c8e2710b29629d72cbf482e32ff5e05,Sen-tio/pdflib-extended,b4cd2fa01c8e2710b29629d72cbf482e32ff5e05,22,1790,6036,19,0,1,1,0,0,6,19,0,1764,0,192,652,0,0,1113,1764,0,6008,0,606,2379,0,0,3872,6008,0,0,1,1,0,0,8,67,0
183672774,projects/0/183672774-10405d8e18d615cb1d98a7829bc24778c4190727,evarenteronieto/Python_Bootcamp,10405d8e18d615cb1d98a7829bc24778c4190727,10,751,2247,6,0,0,0,0,0,2,6,0,429,0,0,0,0,0,384,429,0,1422,0,0,0,0,0,1330,1422,0,0,0,0,0,0,3,14,0
538970705,projects/0/538970705-0bd7bd524f4434023ca872be075b00c14faeb0e2,vidalperezbohoyo/Mecatronica-Proyecto,0bd7bd524f4434023ca872be075b00c14faeb0e2,24,2653,7870,21,9,0,0,0,0,18,19,0,2653,1838,0,0,0,0,2611,2442,0,7870,5274,0,0,0,0,7767,7311,0,26,0,0,0,0,35,31,0
577346327,projects/0/577346327-714e406dc2db6c2c6fa88adf71802f14bcc91d52,sedos-project/data_adapter_times,714e406dc2db6c2c6fa88adf71802f14bcc91d52,4,263,1515,3,0,0,0,0,0,2,1,0,263,0,0,0,0,0,84,179,0,1515,0,0,0,0,0,407,1108,0,0,0,0,0,0,4,2,0
599578340,projects/0/599578340-9343cd488d206a0f976a72ac2b41585ebd520c73,charles-de-leao/portfolio-python,9343cd488d206a0f976a72ac2b41585ebd520c73,4,98,313,2,0,0,0,0,0,2,0,0,57,0,0,0,0,0,57,0,0,217,0,0,0,0,0,217,0,0,0,0,0,0,0,3,0,0
270949157,projects/0/270949157-90c32e4b662508acab0d448b44b21991699f5832,UngeheurenUngeziefer/tiny_programms,90c32e4b662508acab0d448b44b21991699f5832,5,404,1718,3,1,0,0,0,0,3,1,0,107,52,0,0,0,0,107,23,0,414,185,0,0,0,0,414,94,0,3,0,0,0,0,8,1,0
33296560,projects/0/33296560-e86bc9d40fb1c93e4838bb9e9e0f8f54f03a036d,tmakiws/multimodal_learning,e86bc9d40fb1c93e4838bb9e9e0f8f54f03a036d,10,2995,10451,10,0,0,0,0,0,10,8,0,2995,0,0,0,0,0,2995,2739,0,10451,0,0,0,0,0,10451,9466,0,0,0,0,0,0,42,19,0
524926576,projects/0/524926576-d1b8d1b3ebdb437ab68f2680689863639edb20fe,deepin-community/keras,d1b8d1b3ebdb437ab68f2680689863639edb20fe,197,77266,300439,195,10,0,10,0,0,158,192,1,77266,15387,0,5703,0,0,70604,76333,137,300439,54746,0,22302,0,0,275297,296740,505,34,0,10,0,0,496,1692,1
35553916,projects/0/35553916-8f702e29a53d1de35c433171e93dcd21b1a41c7d,mopigeons/HeadPoseEstimationScikit,8f702e29a53d1de35c433171e93dcd21b1a41c7d,3,101,422,3,0,0,0,0,0,2,2,0,101,0,0,0,0,0,67,46,0,422,0,0,0,0,0,258,183,0,0,0,0,0,0,3,3,0
75042390,projects/0/75042390-1485a502813682cb833b075aaf6a12311fa0e4c8,voussoir/ycdl,1485a502813682cb833b075aaf6a12311fa0e4c8,25,3350,10665,24,2,0,1,0,0,18,19,0,3350,216,0,47,0,0,3174,2744,0,10665,675,0,133,0,0,10176,8735,0,3,0,1,0,0,63,67,0
359955102,projects/0/359955102-6d8a40ea38daed437539daccec63790b12f677e6,elcf/python-openplaning,6d8a40ea38daed437539daccec63790b12f677e6,4,1215,7980,4,0,0,0,0,0,3,2,0,1215,0,0,0,0,0,1214,1116,0,7980,0,0,0,0,0,7977,7570,0,0,0,0,0,0,8,3,0
442634166,projects/0/442634166-321e51ac2bddbdbd4f0e324120307751f382f94f,sixGodChan/NowCoder,321e51ac2bddbdbd4f0e324120307751f382f94f,93,8112,24026,54,0,0,0,0,0,45,16,0,5137,0,0,0,0,0,4353,1503,0,15207,0,0,0,0,0,12883,4342,0,0,0,0,0,0,53,18,0
282251446,projects/0/282251446-ebda48916d323747d661b77d5cee6345e09edc7c,patelneel55/Memoree,ebda48916d323747d661b77d5cee6345e09edc7c,4,298,1315,4,0,0,0,0,0,4,3,0,298,0,0,0,0,0,298,271,0,1315,0,0,0,0,0,1315,1247,0,0,0,0,0,0,13,4,0
125298786,projects/0/125298786-a37d0cf69a3283b666c16cdb6a7554b456d62641,chrislee35/passlocker,a37d0cf69a3283b666c16cdb6a7554b456d62641,4,630,2741,4,0,0,0,0,0,2,4,0,630,0,0,0,0,0,606,630,0,2741,0,0,0,0,0,2680,2741,0,0,0,0,0,0,8,10,0
314525928,projects/0/314525928-27adfc73cd567a3c7432a1d1f94ad39579a31fa8,xlloss/IMX8MP_Linux,27adfc73cd567a3c7432a1d1f94ad39579a31fa8,105,30255,120749,87,22,0,1,0,0,82,66,0,29805,16065,0,593,0,0,29355,26995,0,119191,67263,0,2609,0,0,117609,108744,0,50,0,1,0,0,292,195,0
423397051,projects/0/423397051-efaf04d3be7f95e8296ecc6c5a3f593f9aea5dd8,primepake/wav2lip_288x288,efaf04d3be7f95e8296ecc6c5a3f593f9aea5dd8,24,5481,23706,24,6,0,0,0,0,23,23,0,5481,2493,0,0,0,0,5473,5252,0,23706,8886,0,0,0,0,23676,22806,0,19,0,0,0,0,96,110,0
313831704,projects/0/313831704-197f9c5b34b7aa33fdc472d575ca374d893fa75a,tiaoshe/resourcemanage,197f9c5b34b7aa33fdc472d575ca374d893fa75a,63,2216,7220,51,0,0,0,0,0,18,49,0,2205,0,0,0,0,0,1450,2027,0,7190,0,0,0,0,0,4788,6747,0,0,0,0,0,0,30,110,0
46041090,projects/0/46041090-b8a77d0511ec573f61cdb240150862257f4b7376,msiplab/SaivDr,b8a77d0511ec573f61cdb240150862257f4b7376,36,23810,83474,35,0,0,0,0,0,34,30,0,23779,0,0,0,0,0,23758,23499,0,83386,0,0,0,0,0,83360,82437,0,0,0,0,0,0,373,88,0
441836194,projects/0/441836194-b5313ef9ccb791648254c9241680b691938f0e48,SoumyaAgarwal12/DjangoEcommerceProject,b5313ef9ccb791648254c9241680b691938f0e48,16,501,1778,13,0,0,0,0,0,5,13,0,501,0,0,0,0,0,317,501,0,1778,0,0,0,0,0,1090,1778,0,0,0,0,0,0,6,35,0
72231797,projects/0/72231797-68cc8ddc30ab6671471c1bcec2680751083423ac,jtoy/caffe_inception,68cc8ddc30ab6671471c1bcec2680751083423ac,12,935,4379,12,0,0,0,0,0,10,12,0,935,0,0,0,0,0,896,935,0,4379,0,0,0,0,0,4226,4379,0,0,0,0,0,0,38,27,0
511224912,projects/0/511224912-acf7bc2c7dde8e25ff8e2651509e849ce470efcf,polymathjr/polymathjr-ramsey,acf7bc2c7dde8e25ff8e2651509e849ce470efcf,8,1178,5820,6,0,0,0,0,0,4,5,0,980,0,0,0,0,0,832,966,0,4876,0,0,0,0,0,4218,4831,0,0,0,0,0,0,7,8,0
568403696,projects/0/568403696-a8676550bc56237bf777670a92fc6b9c0cb6c5ac,hitrch/diploma_work,a8676550bc56237bf777670a92fc6b9c0cb6c5ac,1,454,1420,1,0,0,0,0,0,1,0,0,454,0,0,0,0,0,454,0,0,1420,0,0,0,0,0,1420,0,0,0,0,0,0,0,2,0,0
245284095,projects/0/245284095-0f3fada42cc1cbe15e9fa3b5d02dee5310a2e918,DonLe27/cs143_project2,0f3fada42cc1cbe15e9fa3b5d02dee5310a2e918,54,17669,78867,51,3,0,9,1,0,48,36,1,17561,2839,0,6801,2152,0,17374,16724,967,78248,12183,0,29785,8246,0,77324,74414,3956,4,0,10,2,0,194,218,3
687019971,projects/0/687019971-3d9b642110f6e8a5972efb08f61c4c35d24afb19,morr33/alx-higher_level_programming,3d9b642110f6e8a5972efb08f61c4c35d24afb19,229,7740,28640,57,0,0,0,0,0,49,29,0,5293,0,0,0,0,0,4976,4636,0,20626,0,0,0,0,0,19494,18399,0,0,0,0,0,0,70,71,0
716839754,projects/0/716839754-530c0063b5d91f5819accd63b842db3b71961d4f,Aadithya180600/LeetCode,530c0063b5d91f5819accd63b842db3b71961d4f,7,82,304,0,0,0,0,0,0,0,0,0,0,0,0,0,0,0,0,0,0,0,0,0,0,0,0,0,0,0,0,0,0,0,0,0,0,0
580198718,projects/0/580198718-fd4256be3730bf445a3ba033860a4ffd0f5add5a,David-Motari/alx-backend-javascript,fd4256be3730bf445a3ba033860a4ffd0f5add5a,1,11,27,0,0,0,0,0,0,0,0,0,0,0,0,0,0,0,0,0,0,0,0,0,0,0,0,0,0,0,0,0,0,0,0,0,0,0
427298624,projects/0/427298624-e429a194ec3dbccfdd63b8b85c417f69830e7002,vita-epfl/ttt-plus-plus,e429a194ec3dbccfdd63b8b85c417f69830e7002,36,3813,14909,36,0,0,0,0,0,35,26,0,3813,0,0,0,0,0,3792,2950,0,14909,0,0,0,0,0,14827,11385,0,0,0,0,0,0,150,82,0
68407940,projects/0/68407940-59b59883ac0a846989031002ae1c07c8435586b0,Brok-Bucholtz/Grad-Job-Classification,59b59883ac0a846989031002ae1c07c8435586b0,4,432,1634,4,0,0,0,0,0,4,4,0,432,0,0,0,0,0,432,432,0,1634,0,0,0,0,0,1634,1634,0,0,0,0,0,0,10,10,0
617334448,projects/0/617334448-4784056028138cae1d1d07803c54da74850b6090,Kvot32/foodgram-project-react,4784056028138cae1d1d07803c54da74850b6090,27,972,2767,20,0,0,0,0,0,6,20,0,972,0,0,0,0,0,244,972,0,2767,0,0,0,0,0,686,2767,0,0,0,0,0,0,7,58,0
403799655,projects/0/403799655-44a20fa08feb8ba57fdd4ca9319a07d35b3f459a,goodguyplayer/UniProject-AlolaPokedex,44a20fa08feb8ba57fdd4ca9319a07d35b3f459a,8,224,836,8,0,0,0,0,0,7,5,0,224,0,0,0,0,0,202,170,0,836,0,0,0,0,0,730,631,0,0,0,0,0,0,11,9,0
396235571,projects/0/396235571-3aea041444d4b9056cb68f837079b2857878d187,DK-Oh-95/Algorithm_study,3aea041444d4b9056cb68f837079b2857878d187,171,5261,20008,29,23,0,0,0,0,4,4,0,1309,952,0,0,0,0,302,211,0,4779,3467,0,0,0,0,1013,817,0,25,0,0,0,0,4,4,0
224615172,projects/0/224615172-afda4fadb2c013d676b1b850b42a60e3dc6eb704,mls-m5/advent-of-code-solutions,afda4fadb2c013d676b1b850b42a60e3dc6eb704,2,65,190,0,0,0,0,0,0,0,0,0,0,0,0,0,0,0,0,0,0,0,0,0,0,0,0,0,0,0,0,0,0,0,0,0,0,0
344967946,projects/0/344967946-4c8ae1564f445045f5f48e3194f1179db7ca084c,dglava/falcon-briefing,4c8ae1564f445045f5f48e3194f1179db7ca084c,1,214,800,1,0,0,0,0,0,1,1,0,214,0,0,0,0,0,214,214,0,800,0,0,0,0,0,800,800,0,0,0,0,0,0,12,1,0
468417078,projects/0/468417078-9a66c1dae1f02f36ea78fa3623c94c8cc6939115,joao-pm-santos96/aa_21-22,9a66c1dae1f02f36ea78fa3623c94c8cc6939115,1,25,107,1,0,0,0,0,0,1,0,0,25,0,0,0,0,0,25,0,0,107,0,0,0,0,0,107,0,0,0,0,0,0,0,5,0,0
827447625,projects/0/827447625-3ef9be369b79ad40856d482e98d4b71be0fb4b3f,r33j4n/job-recommendation-app-backend-ml-analysis,3ef9be369b79ad40856d482e98d4b71be0fb4b3f,11,902,3642,10,0,0,0,0,0,6,9,0,897,0,0,0,0,0,618,886,0,3614,0,0,0,0,0,2389,3567,0,0,0,0,0,0,14,42,0
245123365,projects/0/245123365-0e1366c6abe2e81a186c3db4ec36bd0fdae56a55,pranjul2206/FYP_FILES,0e1366c6abe2e81a186c3db4ec36bd0fdae56a55,3,150,757,3,0,0,0,0,0,3,1,0,150,0,0,0,0,0,150,41,0,757,0,0,0,0,0,757,265,0,0,0,0,0,0,11,4,0
827949709,projects/0/827949709-abd6cc2f33892fe86d4024e63b4eca0f7f11fd85,publijus/category,abd6cc2f33892fe86d4024e63b4eca0f7f11fd85,3,123,570,3,0,0,0,0,0,3,0,0,123,0,0,0,0,0,123,0,0,570,0,0,0,0,0,570,0,0,0,0,0,0,0,8,0,0
90602927,projects/0/90602927-2352ccac52f9afd2035b6e1580c9619b45d89cd8,timothydmorton/bokeh-explore,2352ccac52f9afd2035b6e1580c9619b45d89cd8,13,2330,8729,13,0,0,0,0,0,13,12,0,2330,0,0,0,0,0,2330,2309,0,8729,0,0,0,0,0,8729,8630,0,0,0,0,0,0,47,86,0
12261938,projects/0/12261938-8ade014c203db59ece1f89382caf75cb620f9d30,tarnoga/fb2ren,8ade014c203db59ece1f89382caf75cb620f9d30,0,0,0,0,0,0,0,0,0,0,0,0,0,0,0,0,0,0,0,0,0,0,0,0,0,0,0,0,0,0,0,0,0,0,0,0,0,0
599172368,projects/0/599172368-13633d57b1d3a3094b25d7c83fc44bb04e594d08,cns-iu/3d-corridor,13633d57b1d3a3094b25d7c83fc44bb04e594d08,3,284,811,3,0,0,0,0,0,3,2,0,284,0,0,0,0,0,284,240,0,811,0,0,0,0,0,811,711,0,0,0,0,0,0,16,2,0
461980777,projects/0/461980777-53a5014956a7ab05a144038f77eea952888d0196,Lub4ikChe/IMG_processing,53a5014956a7ab05a144038f77eea952888d0196,3,340,1305,3,0,0,0,0,0,3,1,0,340,0,0,0,0,0,340,158,0,1305,0,0,0,0,0,1305,703,0,0,0,0,0,0,10,4,0
237544125,projects/0/237544125-e43495739da6266c0c76c2b4984c365f1a50789c,med-cabinet-5/data-science,e43495739da6266c0c76c2b4984c365f1a50789c,2,153,526,2,1,0,0,0,0,1,2,0,153,149,0,0,0,0,149,153,0,526,519,0,0,0,0,519,526,0,2,0,0,0,0,3,6,0
17836298,projects/0/17836298-34b75c34dc02eea8d373c272da5daa09bd02ad4f,badmutex/pwq,34b75c34dc02eea8d373c272da5daa09bd02ad4f,9,1197,3788,8,0,0,0,0,0,6,6,0,1164,0,0,0,0,0,1148,1124,0,3687,0,0,0,0,0,3630,3574,0,0,0,0,0,0,27,21,0
457773642,projects/0/457773642-bcdd40149120eb53e4831510b91f6fec2b758d86,manchere/nomenclator,bcdd40149120eb53e4831510b91f6fec2b758d86,1,196,704,1,1,0,0,0,0,1,1,0,196,196,0,0,0,0,196,196,0,704,704,0,0,0,0,704,704,0,6,0,0,0,0,1,3,0
165292820,projects/0/165292820-b94e6c03d6f912b407a7c1dbe59e7763fb028901,FireCARES/research,b94e6c03d6f912b407a7c1dbe59e7763fb028901,12,2857,12916,11,0,0,0,0,0,10,11,0,2781,0,0,0,0,0,2765,2781,0,12603,0,0,0,0,0,12562,12603,0,0,0,0,0,0,68,78,0
339538746,projects/0/339538746-5d430da325b47643f8c6abcae5e64940beab5e99,SamuelHathcock/Sat-Img-Scraper,5d430da325b47643f8c6abcae5e64940beab5e99,209,58376,219254,197,3,0,6,8,1,166,184,1,58332,856,0,5652,7348,125,56960,57712,35,219109,3167,0,20313,27405,503,214329,217033,96,4,0,11,16,1,682,1267,1
210719518,projects/0/210719518-8babbb0e7d349ecb697fc65e2c860d6124c508c4,hswink1/CSC,8babbb0e7d349ecb697fc65e2c860d6124c508c4,1,148,493,1,0,0,0,0,0,1,0,0,148,0,0,0,0,0,148,0,0,493,0,0,0,0,0,493,0,0,0,0,0,0,0,3,0,0
187279617,projects/0/187279617-67b133a6b0ad80f981325234c7633887d5478b3f,fitimkuis/KatalonProject,67b133a6b0ad80f981325234c7633887d5478b3f,11,623,2255,10,0,0,0,0,0,9,6,0,623,0,0,0,0,0,585,527,0,2255,0,0,0,0,0,2129,1992,0,0,0,0,0,0,28,18,0
648016060,projects/0/648016060-e549792ebfe7a76ac8955f8eb7f765dd412b470a,sophgo/mcu,e549792ebfe7a76ac8955f8eb7f765dd412b470a,34,19174,65967,33,0,0,0,0,0,33,27,0,19170,0,0,0,0,0,19170,17677,0,65962,0,0,0,0,0,65962,59852,0,0,0,0,0,0,46,50,0
851018640,projects/0/851018640-e192bbcc178a51604b0abd4953f81d1e228b8207,nitzzchauhan/Projects,e192bbcc178a51604b0abd4953f81d1e228b8207,1,3,4,1,0,0,0,0,0,1,0,0,3,0,0,0,0,0,3,0,0,4,0,0,0,0,0,4,0,0,0,0,0,0,0,1,0,0
494671679,projects/0/494671679-42dfe876685fdd0889df3251c17586d763876bc5,PEBpung/ATLAS2022-UNETR,42dfe876685fdd0889df3251c17586d763876bc5,5,482,1972,5,0,0,0,0,0,5,4,0,482,0,0,0,0,0,482,465,0,1972,0,0,0,0,0,1972,1886,0,0,0,0,0,0,22,21,0
741190914,projects/0/741190914-f7b603fcc9c07018c3580f201fb8e6d903cdf7f2,ataifam/main,f7b603fcc9c07018c3580f201fb8e6d903cdf7f2,11,168,480,9,0,0,0,0,0,1,9,0,168,0,0,0,0,0,59,168,0,480,0,0,0,0,0,202,480,0,0,0,0,0,0,2,19,0
817180303,projects/0/817180303-33a9cf7942f9813b56e21636ff4fcfae4521b493,FloppyFish404/wordle-solver,33a9cf7942f9813b56e21636ff4fcfae4521b493,6,1491,5493,6,0,0,0,0,0,6,3,0,1491,0,0,0,0,0,1491,664,0,5493,0,0,0,0,0,5493,2454,0,0,0,0,0,0,21,13,0
572163860,projects/0/572163860-f0f68e073f14cbe4529aadbd95dccbda7884d3d2,hluling/ph-dash,f0f68e073f14cbe4529aadbd95dccbda7884d3d2,3,337,1121,3,0,0,0,0,0,3,3,0,337,0,0,0,0,0,337,337,0,1121,0,0,0,0,0,1121,1121,0,0,0,0,0,0,13,10,0
258891235,projects/0/258891235-eff071d0f64faffc1dfa5d5ad11ee0069421fd8a,dhrumilvora93/udacity-data-engineering-projects,eff071d0f64faffc1dfa5d5ad11ee0069421fd8a,18,1057,2949,16,0,0,0,0,0,9,15,0,889,0,0,0,0,0,732,675,0,2537,0,0,0,0,0,2139,2015,0,0,0,0,0,0,18,38,0
412478199,projects/0/412478199-a88df8c244b2c37eb1086d2244f6c0db86f7249a,Plaban-Kumar-Mondal/test-marging-repo,a88df8c244b2c37eb1086d2244f6c0db86f7249a,3,27,93,0,0,0,0,0,0,0,0,0,0,0,0,0,0,0,0,0,0,0,0,0,0,0,0,0,0,0,0,0,0,0,0,0,0,0
358412904,projects/0/358412904-e445339b2f1d3a2327f6a4bf24fc6957dd459de9,nghitrampham/image-processing-tools,e445339b2f1d3a2327f6a4bf24fc6957dd459de9,1,492,2323,1,1,0,0,0,0,1,1,0,492,492,0,0,0,0,492,492,0,2323,2323,0,0,0,0,2323,2323,0,1,0,0,0,0,3,4,0
834632521,projects/0/834632521-69a791327f92b673d43493df258d5d68a6248eab,jorgelucas-rm/Digital-Innovation-One,69a791327f92b673d43493df258d5d68a6248eab,1,17,58,1,0,0,0,0,0,1,1,0,17,0,0,0,0,0,17,17,0,58,0,0,0,0,0,58,58,0,0,0,0,0,0,1,1,0
21383773,projects/0/21383773-4964b932649bd43d27507aa6b0289c6627e4ceff,EUDAT-B2SAFE/B2SAFE-DPM,4964b932649bd43d27507aa6b0289c6627e4ceff,333,239515,934885,322,26,0,99,0,0,320,226,0,239488,57936,0,175168,0,0,239390,226025,0,934831,219429,0,706498,0,0,934479,887563,0,106,0,221,0,0,2059,588,0
386112592,projects/0/386112592-6ba4954f5a5af0f3762e3c3481b4f0b8e187d3fd,rbyakod/mec-mini-projects,6ba4954f5a5af0f3762e3c3481b4f0b8e187d3fd,28,646,2562,13,0,0,0,0,0,10,4,0,552,0,0,0,0,0,426,156,0,2172,0,0,0,0,0,1669,632,0,0,0,0,0,0,15,6,0
286128591,projects/0/286128591-d5a2d1ad3b679cd51eee3e36f4c034b6e9f27d06,airjp73/automation,d5a2d1ad3b679cd51eee3e36f4c034b6e9f27d06,1,18,50,1,0,0,0,0,0,1,0,0,18,0,0,0,0,0,18,0,0,50,0,0,0,0,0,50,0,0,0,0,0,0,0,2,0,0
469316580,projects/0/469316580-5a0b7edd75debf3b2e793e8eb5dca4f8feb0f533,argaman-aloni/sam_learning,5a0b7edd75debf3b2e793e8eb5dca4f8feb0f533,173,25262,105323,151,0,0,0,0,0,101,145,0,25254,0,0,0,0,0,18776,25113,0,105316,0,0,0,0,0,79860,104785,0,0,0,0,0,0,260,720,0
624937515,projects/0/624937515-9cbedcd337c947097c094e5dd10498d0f779153b,cristianku/Hackintosh-13600K-z790,9cbedcd337c947097c094e5dd10498d0f779153b,15,5704,25497,15,0,0,0,0,0,15,13,0,5704,0,0,0,0,0,5704,5194,0,25497,0,0,0,0,0,25497,23321,0,0,0,0,0,0,23,23,0
118348093,projects/0/118348093-52a73a16355310ca2780bcc25a66412d76ab2bbf,joegagliardo/hadoop3,52a73a16355310ca2780bcc25a66412d76ab2bbf,12,20456,310941,12,0,0,0,0,0,7,11,0,20456,0,0,0,0,0,20281,20432,0,310941,0,0,0,0,0,310047,310885,0,0,0,0,0,0,18,24,0
89817032,projects/0/89817032-ee002571191d0fbfae193a80e99b268694d2e4ad,photonixapp/photonix-website,ee002571191d0fbfae193a80e99b268694d2e4ad,59,1189,3675,44,0,0,0,0,0,19,44,0,1189,0,0,0,0,0,745,1189,0,3675,0,0,0,0,0,2389,3675,0,0,0,0,0,0,28,112,0
759156625,projects/0/759156625-1ac8b2e36814c988d247af1a7c6f3f2eabd36aa4,mikeverwer/roll-dice,1ac8b2e36814c988d247af1a7c6f3f2eabd36aa4,9,1658,10811,4,0,0,0,0,0,4,1,0,1534,0,0,0,0,0,1534,1228,0,9283,0,0,0,0,0,9283,7881,0,0,0,0,0,0,14,1,0
339946718,projects/0/339946718-1fbee355bb719bd6a5105616b119b27250dc9a46,UTokyo-ICEPP/aqcel,1fbee355bb719bd6a5105616b119b27250dc9a46,24,2052,7290,24,0,0,0,0,0,9,24,0,2052,0,0,0,0,0,1665,2052,0,7290,0,0,0,0,0,6055,7290,0,0,0,0,0,0,17,66,0
148551388,projects/0/148551388-f28da0de5a8fd9c120fffe796deb605d97c69b5d,sibosop/iAltar,f28da0de5a8fd9c120fffe796deb605d97c69b5d,22,2494,8157,22,13,0,0,0,0,22,7,0,2494,1865,0,0,0,0,2494,610,0,8157,6098,0,0,0,0,8157,1965,0,50,0,0,0,0,204,9,0
296715993,projects/0/296715993-d2c6108bc7d33b0f5ec4a29935bde1a0d2f540aa,frda058/HOOMD-Blue,d2c6108bc7d33b0f5ec4a29935bde1a0d2f540aa,2,285,1029,2,0,0,0,0,0,2,0,0,285,0,0,0,0,0,285,0,0,1029,0,0,0,0,0,1029,0,0,0,0,0,0,0,16,0,0
276521693,projects/0/276521693-249f15aa1c9cc4417b853b336c9cc5f7c73b7e57,quacky-bot/quacky-support,249f15aa1c9cc4417b853b336c9cc5f7c73b7e57,7,1557,10440,7,0,0,0,0,0,7,7,0,1557,0,0,0,0,0,1557,1557,0,10440,0,0,0,0,0,10440,10440,0,0,0,0,0,0,7,10,0
344031846,projects/0/344031846-ded8710710e107b86818bde58c1295310757c357,stillwaiting/zhi-shi.ai,ded8710710e107b86818bde58c1295310757c357,1,57,319,1,0,0,0,0,0,1,0,0,57,0,0,0,0,0,57,0,0,319,0,0,0,0,0,319,0,0,0,0,0,0,0,4,0,0
216768696,projects/0/216768696-5ffff74c1d2236286362889d58f7e1a8d030efcd,mkaltenbrunnerFH/BAC1,5ffff74c1d2236286362889d58f7e1a8d030efcd,5,606,2434,5,0,0,0,0,0,3,5,0,606,0,0,0,0,0,529,606,0,2434,0,0,0,0,0,2129,2434,0,0,0,0,0,0,8,17,0
191772482,projects/0/191772482-2feb1c57ca6927a5f20ed168ed8eddb9cb844f4f,sagban/twitter-modelling,2feb1c57ca6927a5f20ed168ed8eddb9cb844f4f,4,1338,7473,3,0,0,0,0,0,3,3,0,1337,0,0,0,0,0,1337,1337,0,7471,0,0,0,0,0,7471,7471,0,0,0,0,0,0,28,16,0
395004574,projects/0/395004574-ac0523d736196b3863835f93abad7819447cc765,dharitadesai22/AIPCP,ac0523d736196b3863835f93abad7819447cc765,6,195,598,5,0,0,0,0,0,3,5,0,195,0,0,0,0,0,54,195,0,598,0,0,0,0,0,174,598,0,0,0,0,0,0,4,6,0
854199984,projects/0/854199984-f4e90dc02a80c25dd3c56c4867ef97612977356b,San123desh/ImageCaptioningInNepali,f4e90dc02a80c25dd3c56c4867ef97612977356b,20,797,2723,12,0,0,0,0,0,8,11,0,710,0,0,0,0,0,638,659,0,2458,0,0,0,0,0,2225,2249,0,0,0,0,0,0,17,30,0
385089777,projects/0/385089777-5c33a4fd918f0e436b5937b5d59e127b3f6a1817,Rohan138/rllib-torch-maddpg,5c33a4fd918f0e436b5937b5d59e127b3f6a1817,7,2068,6701,7,0,0,0,0,0,7,7,0,2068,0,0,0,0,0,2068,2068,0,6701,0,0,0,0,0,6701,6701,0,0,0,0,0,0,29,72,0
43921298,projects/0/43921298-c53c1beaa4ea71e93f612d7d88c12f15c2c64c84,vega/vega-datasets,c53c1beaa4ea71e93f612d7d88c12f15c2c64c84,8,2158,7939,8,0,0,0,0,0,8,5,0,2158,0,0,0,0,0,2158,1944,0,7939,0,0,0,0,0,7939,6873,0,0,0,0,0,0,38,28,0
168100164,projects/0/168100164-29ab17d3e8a4ba18edef3a57c36d8db6329fac73,generalized-intelligence/GAAS,29ab17d3e8a4ba18edef3a57c36d8db6329fac73,321,60488,233644,299,21,0,1,2,0,279,227,2,60170,12474,0,1911,10,0,59780,44774,180,232385,49404,0,9256,40,0,230647,166891,674,33,0,4,2,0,951,701,6
1300324,projects/0/1300324-74f1c8116339ca49512510d3ca102da45ab1aee1,tiddlyweb/tiddlywebplugins.etagcache,74f1c8116339ca49512510d3ca102da45ab1aee1,10,792,2653,9,0,0,0,0,0,9,5,0,791,0,0,0,0,0,791,758,0,2649,0,0,0,0,0,2649,2582,0,0,0,0,0,0,24,25,0
385542863,projects/0/385542863-40a388a4dd1058815514565e44c4a99b78df9938,ThemedMayhem/Path_Planning,40a388a4dd1058815514565e44c4a99b78df9938,6,757,3725,6,0,0,0,0,0,2,6,0,757,0,0,0,0,0,524,757,0,3725,0,0,0,0,0,2585,3725,0,0,0,0,0,0,6,17,0
835464298,projects/0/835464298-4f362f5871d072a9f53334589c4696dd70a7b555,gustavodsantos/portifolio-dev,4f362f5871d072a9f53334589c4696dd70a7b555,27,423,1344,21,0,0,0,0,0,7,20,0,423,0,0,0,0,0,253,416,0,1344,0,0,0,0,0,825,1329,0,0,0,0,0,0,9,33,0
628316524,projects/0/628316524-e620eae0346832122242f7707e32ba820acef578,MsMohanapriya/Music_Data_Analysis_using_AWS_REDSHIFT-DataWarehousing,e620eae0346832122242f7707e32ba820acef578,4,265,761,4,0,0,0,0,0,3,2,0,265,0,0,0,0,0,250,105,0,761,0,0,0,0,0,719,294,0,0,0,0,0,0,6,9,0
43206522,projects/0/43206522-23b8ff679f146f727cf860b48a4d5ffa6bb30cc6,iwiwi/agl,23b8ff679f146f727cf860b48a4d5ffa6bb30cc6,1,284,7234,1,0,0,0,0,0,1,1,0,284,0,0,0,0,0,284,284,0,7234,0,0,0,0,0,7234,7234,0,0,0,0,0,0,3,2,0
542640642,projects/0/542640642-b928d45cb3f16efd7e2862da76acf49e1b2fee72,cbloodsworth/ProtestPlots,b928d45cb3f16efd7e2862da76acf49e1b2fee72,1,95,405,1,0,0,0,0,0,1,1,0,95,0,0,0,0,0,95,95,0,405,0,0,0,0,0,405,405,0,0,0,0,0,0,4,6,0
142715608,projects/0/142715608-ba60a787d81c2a7d305375331025a697bd2dff54,insanejokerhaha/event_coreference,ba60a787d81c2a7d305375331025a697bd2dff54,9,5129,25500,7,0,0,0,0,0,7,5,0,5118,0,0,0,0,0,5118,4356,0,25397,0,0,0,0,0,25397,21429,0,0,0,0,0,0,57,48,0
540570159,projects/0/540570159-b7bf6eff2a15807396f4d227bce31f9b48de0a90,fierc3/DL4G-HSLU,b7bf6eff2a15807396f4d227bce31f9b48de0a90,49,5642,22479,41,0,0,0,0,0,34,38,0,5599,0,0,0,0,0,5046,5147,0,22387,0,0,0,0,0,20654,20452,0,0,0,0,0,0,75,172,0
610723441,projects/0/610723441-974727cbea7744490bf0bf1e9f23b2300fa527b3,TinkerBoard-Android/rockchip-android-kernel-configs,974727cbea7744490bf0bf1e9f23b2300fa527b3,2,178,896,2,0,0,0,0,0,2,1,0,178,0,0,0,0,0,178,79,0,896,0,0,0,0,0,896,365,0,0,0,0,0,0,9,1,0
6512913,projects/0/6512913-8c4538572401c334245dcbcbe660ab93e8eb0b5e,traccar/traccar-web,8c4538572401c334245dcbcbe660ab93e8eb0b5e,1,30,112,1,0,0,0,0,0,1,1,0,30,0,0,0,0,0,30,30,0,112,0,0,0,0,0,112,112,0,0,0,0,0,0,3,1,0
416333983,projects/0/416333983-77b97b8d8143d47f85315ce7fa8c50bf22c0d416,cyyself/yaffs2,77b97b8d8143d47f85315ce7fa8c50bf22c0d416,5,1481,5826,5,2,0,0,0,0,3,4,0,1481,978,0,0,0,0,1087,1372,0,5826,4131,0,0,0,0,4552,5405,0,17,0,0,0,0,6,5,0
81964689,projects/0/81964689-427a7a33a8cd186b01d0c4fad381add145bb74f5,pranavm2015/lfs,427a7a33a8cd186b01d0c4fad381add145bb74f5,1418,275602,1135937,1199,21,0,10,11,1,627,1153,1,269692,11622,0,10985,10376,125,219293,264125,35,1053847,44803,0,39776,38864,501,846225,1033232,96,35,0,21,20,1,2052,5844,1
654435053,projects/0/654435053-071b4d8188f632efda1c9c09688257f187e7ed93,EliBabakhani/CW98,071b4d8188f632efda1c9c09688257f187e7ed93,3008,1057669,3942705,2720,88,28,64,72,4,1989,2572,4,1005285,102036,85540,56248,119784,556,769573,992689,144,3704864,385604,319312,230508,441008,2176,2968309,3627284,400,132,32,132,116,4,7576,14310,4
610989974,projects/0/610989974-6a7f976ea8774a9bcfac23a0c941d26d6015bc05,brightway-lca/randonneur,6a7f976ea8774a9bcfac23a0c941d26d6015bc05,29,6057,23170,23,0,0,0,0,0,14,22,0,2712,0,0,0,0,0,2076,2594,0,7980,0,0,0,0,0,5718,7753,0,0,0,0,0,0,18,79,0
17094942,projects/0/17094942-4438e33aa13760dd3f89e3ea20aa1f3558138224,joshcampbell/markov,4438e33aa13760dd3f89e3ea20aa1f3558138224,6,187,608,3,0,0,0,0,0,2,3,0,175,0,0,0,0,0,121,175,0,570,0,0,0,0,0,430,570,0,0,0,0,0,0,6,8,0
571684718,projects/0/571684718-9357eb5a1cd58d14f241edc6445ae2caa8755e07,Ukokpala/alx-higher_level_programming,9357eb5a1cd58d14f241edc6445ae2caa8755e07,209,6292,22126,83,0,0,0,0,0,45,51,0,4074,0,0,0,0,0,3060,3313,0,14473,0,0,0,0,0,11644,11771,0,0,0,0,0,0,63,98,0
37538642,projects/0/37538642-5b87837a95cd14931d014285037ef3dd0fdc6927,roblaing/ggp_python_player,5b87837a95cd14931d014285037ef3dd0fdc6927,2,775,3340,2,2,0,0,0,0,2,1,0,775,775,0,0,0,0,775,432,0,3340,3340,0,0,0,0,3340,1903,0,7,0,0,0,0,2,1,0
455900259,projects/0/455900259-0ee05ff28c62371018211d7f2fc6b7cae9279760,insert-username/shart,0ee05ff28c62371018211d7f2fc6b7cae9279760,19,2273,7709,17,0,0,0,0,0,17,13,0,2273,0,0,0,0,0,2273,2008,0,7709,0,0,0,0,0,7709,6890,0,0,0,0,0,0,73,27,0
135738748,projects/0/135738748-e8283ffe8c001a112b288e77b1a9d81e906eaa93,demul/image_segmentation_project,e8283ffe8c001a112b288e77b1a9d81e906eaa93,8,1119,5293,8,0,0,0,0,0,8,5,0,1119,0,0,0,0,0,1119,540,0,5293,0,0,0,0,0,5293,1941,0,0,0,0,0,0,29,12,0
772260185,projects/0/772260185-151348b4b1275d1841a3ae30720aeb2c72ca72a9,blinklet/music-festival-organizer,151348b4b1275d1841a3ae30720aeb2c72ca72a9,20,4854,17500,18,0,0,0,0,0,14,17,0,4391,0,0,0,0,0,4319,4373,0,16099,0,0,0,0,0,15835,15998,0,0,0,0,0,0,54,79,0
13693086,projects/0/13693086-b0f5b42f0bda3fab35eee3db463a4e327d1a9330,SkidanovAlex/CtrlK,b0f5b42f0bda3fab35eee3db463a4e327d1a9330,1,407,1376,1,1,0,0,0,0,1,1,0,407,407,0,0,0,0,407,407,0,1376,1376,0,0,0,0,1376,1376,0,36,0,0,0,0,11,4,0
471554540,projects/0/471554540-bf32a81e19f739bf98060e85f9042257a1903c0e,xorander00/freebsd-ports,bf32a81e19f739bf98060e85f9042257a1903c0e,6,104,453,1,0,0,0,0,0,0,1,0,25,0,0,0,0,0,0,25,0,72,0,0,0,0,0,0,72,0,0,0,0,0,0,0,1,0
820615777,projects/0/820615777-d789c7578bcea7e448c51909ef21b543e884fd22,lundquist-ecology-lab/bug_roads_code,d789c7578bcea7e448c51909ef21b543e884fd22,41,5164,20491,41,0,0,0,3,0,41,24,0,5164,0,0,0,702,0,5164,3949,0,20491,0,0,0,2419,0,20491,15383,0,0,0,0,3,0,136,62,0
712214514,projects/0/712214514-16e78c863721b273e67ba5fd9d8c71270bd621db,TzurSoffer/clapDetection,16e78c863721b273e67ba5fd9d8c71270bd621db,8,792,3747,8,0,0,0,0,0,7,7,0,792,0,0,0,0,0,789,765,0,3747,0,0,0,0,0,3735,3665,0,0,0,0,0,0,21,13,0
298350801,projects/0/298350801-d2391c2db3671a20bc54b4a1b073dad7f797303a,jochemvankempen/wordcloud,d2391c2db3671a20bc54b4a1b073dad7f797303a,2,356,1286,2,0,0,0,0,0,2,2,0,356,0,0,0,0,0,356,356,0,1286,0,0,0,0,0,1286,1286,0,0,0,0,0,0,12,20,0
631146308,projects/0/631146308-313297455d528afe5a2c07947a9a84ce9f509ec2,gelono/django_tenders,313297455d528afe5a2c07947a9a84ce9f509ec2,61,2743,8613,55,0,0,0,0,0,23,54,0,2687,0,0,0,0,0,1361,2671,0,8384,0,0,0,0,0,4282,8347,0,0,0,0,0,0,32,143,0
258875313,projects/0/258875313-4ceb944b968044341b4f53000e851820f13e0613,kerolloskromer/Voicee-Backend,4ceb944b968044341b4f53000e851820f13e0613,41,999,3259,32,0,0,0,0,0,7,31,0,999,0,0,0,0,0,474,856,0,3259,0,0,0,0,0,1645,2876,0,0,0,0,0,0,12,67,0
523521968,projects/0/523521968-2d52bb4094e5561accf860c8b4ce97a5c4002fc3,jeffersonfparil/poolgen,2d52bb4094e5561accf860c8b4ce97a5c4002fc3,1,6,29,0,0,0,0,0,0,0,0,0,0,0,0,0,0,0,0,0,0,0,0,0,0,0,0,0,0,0,0,0,0,0,0,0,0,0
54478600,projects/0/54478600-34498b0e2dcb7264d240d577623a1a3125ac6ec1,Akus93/dorabiaj,34498b0e2dcb7264d240d577623a1a3125ac6ec1,8,1030,3696,8,0,0,0,0,0,3,8,0,1030,0,0,0,0,0,183,1030,0,3696,0,0,0,0,0,532,3696,0,0,0,0,0,0,4,33,0
195061828,projects/0/195061828-175c6a9c45aef03ce5552c2d0ea859ebca7c0648,learn-co-students/multivariable-calculus-gradient-descent-chicago-ds-120919,175c6a9c45aef03ce5552c2d0ea859ebca7c0648,3,194,811,3,0,0,0,0,0,2,3,0,194,0,0,0,0,0,141,194,0,811,0,0,0,0,0,587,811,0,0,0,0,0,0,4,5,0
283877385,projects/0/283877385-ed27f24cafff7676d5819b888c6ed6db50b44657,ccoupe/mqtt-turret,ed27f24cafff7676d5819b888c6ed6db50b44657,7,1294,5352,7,1,0,0,0,0,7,6,0,1294,587,0,0,0,0,1294,1273,0,5352,2435,0,0,0,0,5352,5288,0,4,0,0,0,0,33,13,0
547803177,projects/0/547803177-ae97fc3d1276cbb3b41cbfe89c2ba8d50bda7c19,vianaxabreu/lewagon,ae97fc3d1276cbb3b41cbfe89c2ba8d50bda7c19,146,3505,11198,101,0,0,0,0,0,53,93,0,3158,0,0,0,0,0,2669,2971,0,9941,0,0,0,0,0,8572,9263,0,0,0,0,0,0,109,124,0
698209290,projects/0/698209290-441e0cf2dc06eebe9c147df3449113a9989a5e7d,Piermuz7/Data-Science,441e0cf2dc06eebe9c147df3449113a9989a5e7d,2,450,1827,2,0,0,0,0,0,2,2,0,450,0,0,0,0,0,450,450,0,1827,0,0,0,0,0,1827,1827,0,0,0,0,0,0,14,23,0
557018473,projects/0/557018473-dc961cbdbcba1e81a5f05496a7f023640cb496db,acynicalasian/xbars-py-old,dc961cbdbcba1e81a5f05496a7f023640cb496db,3,297,1491,2,0,0,0,0,0,2,2,0,297,0,0,0,0,0,297,297,0,1491,0,0,0,0,0,1491,1491,0,0,0,0,0,0,6,2,0
614571809,projects/0/614571809-bface311248827a134de937a0c494253adafeb69,vieremds/MooneyApp,bface311248827a134de937a0c494253adafeb69,7,1286,6293,7,0,0,0,0,0,5,6,0,1286,0,0,0,0,0,1141,1271,0,6293,0,0,0,0,0,5548,6188,0,0,0,0,0,0,17,43,0
258124262,projects/0/258124262-380a7c9b99ed3d3d8397fcb3ee319e0b863caea7,michelle-holmusk/pytorch,380a7c9b99ed3d3d8397fcb3ee319e0b863caea7,34,2418,9279,18,0,0,0,0,0,18,18,0,1719,0,0,0,0,0,1719,1719,0,6162,0,0,0,0,0,6162,6162,0,0,0,0,0,0,22,36,0
260047620,projects/0/260047620-db737486ff0657ec877758b1fe9215074798e3ef,Emmastro/TimeManagement,db737486ff0657ec877758b1fe9215074798e3ef,77,1647,4756,60,0,0,0,1,0,16,59,0,1608,0,0,0,43,0,929,1473,0,4607,0,0,0,85,0,2766,4264,0,0,0,0,1,0,30,110,0
99373028,projects/0/99373028-bed790001704ab805acd92e5939c964f55c602b8,mally1mk/space-avoiders,bed790001704ab805acd92e5939c964f55c602b8,1,468,978,1,0,0,0,0,0,1,0,0,468,0,0,0,0,0,468,0,0,978,0,0,0,0,0,978,0,0,0,0,0,0,0,3,0,0
468646771,projects/0/468646771-6a9f0591da3cbeeaa18a6e0bf1c9c7fb7f57bc2a,ntk148v/wal-colorschemes,6a9f0591da3cbeeaa18a6e0bf1c9c7fb7f57bc2a,3,249,877,3,1,0,0,0,0,3,3,0,249,130,0,0,0,0,249,249,0,877,459,0,0,0,0,877,877,0,1,0,0,0,0,5,6,0
389797085,projects/0/389797085-1e0a3c7f5dcc36b3a321a7a927799eb5729a7f6a,AqueJorge/Projects,1e0a3c7f5dcc36b3a321a7a927799eb5729a7f6a,1,222,1083,1,0,0,0,0,0,1,1,0,222,0,0,0,0,0,222,222,0,1083,0,0,0,0,0,1083,1083,0,0,0,0,0,0,6,3,0
830252753,projects/0/830252753-06ae55de32dcdc30be92011b64be66f57d1945ea,OpenResearchInstitute/msk_modulator,06ae55de32dcdc30be92011b64be66f57d1945ea,1,128,447,1,0,0,0,0,0,1,1,0,128,0,0,0,0,0,128,128,0,447,0,0,0,0,0,447,447,0,0,0,0,0,0,4,3,0
781189135,projects/0/781189135-2e43b36347c42c4fc3a8d92e1249b83571646b8e,Verdant31/TCC-Deep-Learning,2e43b36347c42c4fc3a8d92e1249b83571646b8e,1,21,97,1,0,0,0,0,0,0,1,0,21,0,0,0,0,0,0,21,0,97,0,0,0,0,0,0,97,0,0,0,0,0,0,0,6,0
131779907,projects/0/131779907-c46139f9daa3d074dcb76bb7668e9ae91e56fd4b,CSIRO-enviro-informatics/ckanext-user_opt_in,c46139f9daa3d074dcb76bb7668e9ae91e56fd4b,9,420,1553,8,0,0,0,0,0,7,5,0,420,0,0,0,0,0,401,397,0,1553,0,0,0,0,0,1489,1494,0,0,0,0,0,0,17,20,0
715267676,projects/0/715267676-ef8a392e7169c6e029e5ff107722edd74a53c7c0,muhammednoorrr/leetcodesolution,ef8a392e7169c6e029e5ff107722edd74a53c7c0,1,14,48,0,0,0,0,0,0,0,0,0,0,0,0,0,0,0,0,0,0,0,0,0,0,0,0,0,0,0,0,0,0,0,0,0,0,0
293037326,projects/0/293037326-72bc052d26fe81340fe43e0757991481a1dec248,michalc/asyncio-buffered-pipeline,72bc052d26fe81340fe43e0757991481a1dec248,3,362,1080,3,0,2,0,0,0,3,1,0,362,0,334,0,0,0,362,247,0,1080,0,1006,0,0,0,1080,708,0,0,8,0,0,0,4,2,0
217848109,projects/0/217848109-55a8b76e3f2618bc8202fbac98e8aa5a979e387a,aldrinjenson/Games,55a8b76e3f2618bc8202fbac98e8aa5a979e387a,1,141,435,1,0,0,0,0,0,1,1,0,141,0,0,0,0,0,141,141,0,435,0,0,0,0,0,435,435,0,0,0,0,0,0,2,2,0
670803112,projects/0/670803112-88e5d81f2bfd2eebed578099cb549fb6df6a346e,030jmk/genAI-telephone,88e5d81f2bfd2eebed578099cb549fb6df6a346e,1,442,2360,1,1,1,0,0,0,1,1,0,442,442,442,0,0,0,442,442,0,2360,2360,2360,0,0,0,2360,2360,0,10,1,0,0,0,10,3,0
678749756,projects/0/678749756-0ca4a4a01187d209dff919d59a7f308f4d78b941,gehatzip/GRRNN,0ca4a4a01187d209dff919d59a7f308f4d78b941,11,2033,7331,11,0,0,0,0,0,11,8,0,2033,0,0,0,0,0,2033,1879,0,7331,0,0,0,0,0,7331,6962,0,0,0,0,0,0,31,37,0
356112234,projects/0/356112234-b135b926e8e3f66d383fa5455670e2f5199d38a6,mkner/visual-odometry,b135b926e8e3f66d383fa5455670e2f5199d38a6,1,190,858,1,0,0,0,0,0,1,1,0,190,0,0,0,0,0,190,190,0,858,0,0,0,0,0,858,858,0,0,0,0,0,0,7,1,0
109778658,projects/0/109778658-8bdcf5e2445cff81c87dd9ae8907d2b047397196,emaj9/computing-workshop,8bdcf5e2445cff81c87dd9ae8907d2b047397196,22,788,3481,5,2,0,0,0,0,5,3,0,565,481,0,0,0,0,565,84,0,2876,2469,0,0,0,0,2876,407,0,18,0,0,0,0,7,4,0
209583417,projects/0/209583417-93e531d8c1c8a38bb924c512c9fe5daa287bf203,luiscg99/PruebaAndroid,93e531d8c1c8a38bb924c512c9fe5daa287bf203,0,0,0,0,0,0,0,0,0,0,0,0,0,0,0,0,0,0,0,0,0,0,0,0,0,0,0,0,0,0,0,0,0,0,0,0,0,0
737362345,projects/0/737362345-54ccc629dd11bfe05091de560d9fdb4f5b119ee6,SuperiorOS-Devices/kernel_xiaomi_haydn,54ccc629dd11bfe05091de560d9fdb4f5b119ee6,109,31864,127017,91,23,0,1,0,0,86,69,0,31414,16431,0,593,0,0,30964,28509,0,125459,68577,0,2609,0,0,123877,114604,0,52,0,1,0,0,315,202,0
446001023,projects/0/446001023-46f96f76d9dc59a886450d5a06b7b16277db4013,AnjPR/WebApp-with-Flask,46f96f76d9dc59a886450d5a06b7b16277db4013,1,20,49,1,0,0,0,0,0,0,1,0,20,0,0,0,0,0,0,20,0,49,0,0,0,0,0,0,49,0,0,0,0,0,0,0,1,0
315975870,projects/0/315975870-771e5f5d949bac320996964c67531382be58d7d2,pico-wizard/pico-wizard,771e5f5d949bac320996964c67531382be58d7d2,31,2391,7565,19,1,0,1,0,0,19,17,0,1515,72,0,33,0,0,1515,1450,0,4737,200,0,102,0,0,4737,4543,0,1,0,1,0,0,43,62,0
359561796,projects/0/359561796-6e1bc934b05852a744fb664a69d2589a47269a0a,deniskapel/2021_HACK_RSG,6e1bc934b05852a744fb664a69d2589a47269a0a,150,38893,149632,136,4,2,0,0,0,125,119,0,38589,2962,1608,0,0,0,38063,36858,0,148492,11828,6580,0,0,0,146971,142183,0,4,2,0,0,0,508,678,0
181328526,projects/0/181328526-5d744cba031c92967ac7ad04f07aa4f677ea862d,andreasyiannakou/football_web_scraping,5d744cba031c92967ac7ad04f07aa4f677ea862d,5,320,1316,5,0,0,0,0,0,5,5,0,320,0,0,0,0,0,320,320,0,1316,0,0,0,0,0,1316,1316,0,0,0,0,0,0,10,6,0
284979071,projects/0/284979071-3e1fd30aa26aafd47aef949f419c3a0ba8d90cd4,andijakl/VoiceLearning,3e1fd30aa26aafd47aef949f419c3a0ba8d90cd4,1,1054,3828,1,1,0,0,0,0,1,1,0,1054,1054,0,0,0,0,1054,1054,0,3828,3828,0,0,0,0,3828,3828,0,1,0,0,0,0,17,6,0
399865483,projects/0/399865483-b6f97ad298b8794bc0afcc71959932509abd577e,skupperproject/skupper-example-patient-portal,b6f97ad298b8794bc0afcc71959932509abd577e,50,15525,49636,46,7,0,0,0,0,19,43,0,15491,7053,0,0,0,0,14037,10175,0,49571,22279,0,0,0,0,43882,33644,0,14,0,0,0,0,183,83,0
317530724,projects/0/317530724-a2d5a0d58b72b3a794d27111f9c7bb9c0210fb7c,praniidabomb/Image-Encryption-Using-Logistic-Map,a2d5a0d58b72b3a794d27111f9c7bb9c0210fb7c,3,75,295,3,0,0,0,0,0,3,3,0,75,0,0,0,0,0,75,75,0,295,0,0,0,0,0,295,295,0,0,0,0,0,0,4,5,0
714813080,projects/0/714813080-095a9c18ed5812a8ecf8a059f4366dc433418bd8,Saru99034/Python-Project-A4-DIA,095a9c18ed5812a8ecf8a059f4366dc433418bd8,858,322921,1218217,790,28,12,19,20,2,608,751,1,310011,28210,27838,16691,32367,700,248001,306683,36,1165818,107201,106311,67258,120232,2886,962474,1145379,100,51,16,36,31,2,2310,5076,1
830468130,projects/0/830468130-c12be4efeec60dc5f0a4960eda5efeb689795dc3,Hoper-J/Contrastive-Disentangling,c12be4efeec60dc5f0a4960eda5efeb689795dc3,12,1364,5286,12,0,0,0,0,0,12,8,0,1364,0,0,0,0,0,1364,1000,0,5286,0,0,0,0,0,5286,3964,0,0,0,0,0,0,38,25,0
748918304,projects/0/748918304-ada45495a5a7e12297f7ffaf82621c63aacf9bfa,Hoangtran12/LeetCode,ada45495a5a7e12297f7ffaf82621c63aacf9bfa,38,532,1586,1,0,0,0,0,0,1,0,0,13,0,0,0,0,0,13,0,0,23,0,0,0,0,0,23,0,0,0,0,0,0,0,1,0,0
715125681,projects/0/715125681-19d8c9d7c515c74c6a228a7a76841ead567c140a,agora-gouv/agora-nlp,19d8c9d7c515c74c6a228a7a76841ead567c140a,21,906,3398,15,0,0,0,0,0,14,14,0,906,0,0,0,0,0,840,889,0,3398,0,0,0,0,0,3173,3315,0,0,0,0,0,0,48,56,0
72393605,projects/0/72393605-62296632b948a7eabe93d3bcddd31ee814164926,saashimi/game_tools,62296632b948a7eabe93d3bcddd31ee814164926,7,1009,1565,2,0,0,0,0,0,2,1,0,174,0,0,0,0,0,174,59,0,643,0,0,0,0,0,643,221,0,0,0,0,0,0,4,3,0
240703122,projects/0/240703122-9b51714631de86e5b78e864f40f7aed5af8a7f1c,aneelm/discord_osrs_bot,9b51714631de86e5b78e864f40f7aed5af8a7f1c,2,311,1090,1,1,0,0,0,0,1,1,0,311,311,0,0,0,0,311,311,0,1090,1090,0,0,0,0,1090,1090,0,1,0,0,0,0,8,1,0
74701014,projects/0/74701014-33441afc79b7dd203ac09aa7bb585f4ad951d482,attilammagyar/music,33441afc79b7dd203ac09aa7bb585f4ad951d482,4,2609,7888,4,0,0,0,0,0,4,4,0,2609,0,0,0,0,0,2609,2609,0,7888,0,0,0,0,0,7888,7888,0,0,0,0,0,0,21,6,0
491177803,projects/0/491177803-447ac8364025b43b3aea47e2107ddea09745aae1,LuiggySilva/plpPoolWeb-TCC,447ac8364025b43b3aea47e2107ddea09745aae1,30,1787,5418,27,0,0,0,0,0,9,27,0,1787,0,0,0,0,0,941,1787,0,5418,0,0,0,0,0,3069,5418,0,0,0,0,0,0,12,76,0
521220848,projects/0/521220848-27ba8d1ae75259d38ed11840b4fdaf3edc4b3dbd,ematkkona/zdbrg,27ba8d1ae75259d38ed11840b4fdaf3edc4b3dbd,7,1883,7677,6,1,0,0,0,0,6,1,0,1883,461,0,0,0,0,1883,461,0,7677,1717,0,0,0,0,7677,1717,0,9,0,0,0,0,16,4,0
308627472,projects/0/308627472-c2191f17532fefca955f533d2f6e754e1493fdc0,elastisys/compliantkubernetes-apps,c2191f17532fefca955f533d2f6e754e1493fdc0,5,838,2707,5,0,0,0,0,0,5,4,0,838,0,0,0,0,0,838,780,0,2707,0,0,0,0,0,2707,2529,0,0,0,0,0,0,12,19,0
565967039,projects/0/565967039-a719a1d111db9873a3bf4cbe3ef6126414079391,bluecolab/Sonify-API-Data,a719a1d111db9873a3bf4cbe3ef6126414079391,11,1016,3998,9,0,0,0,0,0,8,4,0,800,0,0,0,0,0,796,673,0,3286,0,0,0,0,0,3276,2770,0,0,0,0,0,0,24,11,0
428622272,projects/0/428622272-2257debd494fe2d76ee51059cc9b94db7b6f1bb2,Egode04/Pythonprojektet,2257debd494fe2d76ee51059cc9b94db7b6f1bb2,3,1459,6250,1,1,0,0,0,0,1,0,0,1344,1344,0,0,0,0,1344,0,0,5824,5824,0,0,0,0,5824,0,0,2,0,0,0,0,8,0,0
236315269,projects/0/236315269-3119e2ca217fa0d09266b59fa146bb433ba54542,yokoro13/real-time-3d-pose-estimation-using-webcamera,3119e2ca217fa0d09266b59fa146bb433ba54542,82,11417,49816,69,5,0,0,0,0,63,56,0,11374,1636,0,0,0,0,11054,9389,0,49752,6421,0,0,0,0,47604,41445,0,15,0,0,0,0,212,202,0
318003560,projects/0/318003560-62b91dfb7ceb8899b34ee41e9decb53fec0e09bb,NoahPidding/CollegeBoardProject,62b91dfb7ceb8899b34ee41e9decb53fec0e09bb,9,1305,5029,8,0,0,0,0,0,8,3,0,1305,0,0,0,0,0,1305,819,0,5029,0,0,0,0,0,5029,3172,0,0,0,0,0,0,9,4,0
62590325,projects/0/62590325-813e45408bfab1495a97008c74849d308b78d3c7,watchdogpolska/nagrodowy,813e45408bfab1495a97008c74849d308b78d3c7,14,517,1695,11,0,0,0,0,0,6,10,0,517,0,0,0,0,0,400,401,0,1695,0,0,0,0,0,1375,1389,0,0,0,0,0,0,10,25,0
724723041,projects/0/724723041-8052e02ae1435bdf4e4e0bb4aa978deacefdc44f,adaptivenetworklab/AN_OPEN_NETRA_BE,8052e02ae1435bdf4e4e0bb4aa978deacefdc44f,21,811,2497,18,0,0,0,0,0,5,18,0,811,0,0,0,0,0,326,811,0,2497,0,0,0,0,0,1132,2497,0,0,0,0,0,0,7,54,0
493111232,projects/0/493111232-75a5be7c868353661426c58491ebce9d2e300a38,kateinoigakukun/llvm-next-function-merging,75a5be7c868353661426c58491ebce9d2e300a38,9,1201,4527,8,0,0,0,0,0,8,8,0,1201,0,0,0,0,0,1201,1201,0,4527,0,0,0,0,0,4527,4527,0,0,0,0,0,0,34,13,0
738787994,projects/0/738787994-1c1e7ca36f8712d66445f27e3f17c8a0fc2ca19a,caelruz4/cs50w-project-1-wiki,1c1e7ca36f8712d66445f27e3f17c8a0fc2ca19a,15,438,1411,12,0,0,0,0,0,6,11,0,438,0,0,0,0,0,385,319,0,1411,0,0,0,0,0,1187,1086,0,0,0,0,0,0,7,22,0
681264209,projects/0/681264209-c5a1461eb5a19070cfb874409e425dfb710e2879,Spasella/Fanta_Dash,c5a1461eb5a19070cfb874409e425dfb710e2879,1,1462,4067,1,1,0,0,0,0,1,1,0,1462,1462,0,0,0,0,1462,1462,0,4067,4067,0,0,0,0,4067,4067,0,1,0,0,0,0,11,7,0
707921577,projects/0/707921577-47cc7f1d9530830cb7430bcbe8776d9b42facc0f,ItsHugo28/nbastatsprojection,47cc7f1d9530830cb7430bcbe8776d9b42facc0f,2,213,920,2,0,0,0,0,0,2,1,0,213,0,0,0,0,0,213,119,0,920,0,0,0,0,0,920,525,0,0,0,0,0,0,8,2,0
303412709,projects/0/303412709-a49bbc07d9adb3b02baaf837595be80b1dcab3b3,gleb-chipiga/aiotgbot,a49bbc07d9adb3b02baaf837595be80b1dcab3b3,34,10252,23967,32,0,0,0,0,0,26,32,0,10189,0,0,0,0,0,9726,10189,0,23823,0,0,0,0,0,22859,23823,0,0,0,0,0,0,55,158,0
306978068,projects/0/306978068-642aebe81b4e1ee5b978c76a601e31ce6ae27c31,ivosimoes22/IA-Proj-20-21,642aebe81b4e1ee5b978c76a601e31ce6ae27c31,4,2757,11636,4,0,0,1,0,0,4,4,0,2757,0,0,790,0,0,2757,2757,0,11636,0,0,3044,0,0,11636,11636,0,0,0,3,0,0,17,9,0
50432238,projects/0/50432238-4f8100defd42cb97928e48f1ff34532b8a0b57f6,samuelcolvin/em2-moved,4f8100defd42cb97928e48f1ff34532b8a0b57f6,58,7728,30197,51,0,0,0,0,0,36,51,0,7571,0,0,0,0,0,6797,7571,0,29553,0,0,0,0,0,27065,29553,0,0,0,0,0,0,97,285,0
348000441,projects/0/348000441-2b89d5610ad2de848456339dd602ef4cb545dfec,Immersive-programs/Schedule-0.1,2b89d5610ad2de848456339dd602ef4cb545dfec,1,26,91,1,0,0,0,0,0,1,1,0,26,0,0,0,0,0,26,26,0,91,0,0,0,0,0,91,91,0,0,0,0,0,0,1,2,0
537217560,projects/0/537217560-b5ecae8894deeb6f17deb6cf41a57c80e8d808da,claire-ardern/Intro-to-Machine-Learning,b5ecae8894deeb6f17deb6cf41a57c80e8d808da,5,1222,3504,5,0,0,0,0,0,5,4,0,1222,0,0,0,0,0,1222,939,0,3504,0,0,0,0,0,3504,2636,0,0,0,0,0,0,20,38,0
654224391,projects/0/654224391-d024df0856fc3b443772b0101c6a966c04fc39fd,kitzeslab/name_conversions,d024df0856fc3b443772b0101c6a966c04fc39fd,4,173,631,3,0,0,0,0,0,1,2,0,173,0,0,0,0,0,140,33,0,631,0,0,0,0,0,559,72,0,0,0,0,0,0,3,4,0
546122127,projects/0/546122127-83d995331b8b3c11e893a33fd3675b8f8f061c5a,georgii-e/Algorithm-Design,83d995331b8b3c11e893a33fd3675b8f8f061c5a,7,1079,4690,7,0,0,0,0,0,6,2,0,1079,0,0,0,0,0,926,269,0,4690,0,0,0,0,0,4077,1200,0,0,0,0,0,0,13,4,0
172333335,projects/0/172333335-60555770680e964241284318f935f3783aa7076c,xuewengeophysics/xwStudyNLP,60555770680e964241284318f935f3783aa7076c,9,1026,4945,7,0,0,0,0,0,7,2,0,958,0,0,0,0,0,958,372,0,4716,0,0,0,0,0,4716,1624,0,0,0,0,0,0,13,2,0
284120321,projects/0/284120321-0eb8515dc7836b70d8581e3e40a34b39668843f3,ThunderingWest4/thunderingwest4.github.io,0eb8515dc7836b70d8581e3e40a34b39668843f3,11,1217,5885,10,0,0,0,0,0,10,5,0,1065,0,0,0,0,0,1065,616,0,4669,0,0,0,0,0,4669,2619,0,0,0,0,0,0,35,14,0
153993536,projects/0/153993536-b5a3141fce35ed78517caa921a4cdd3a04cbd018,prabhant/spaceapps-tartu,b5a3141fce35ed78517caa921a4cdd3a04cbd018,1,116,425,1,0,0,0,0,0,1,1,0,116,0,0,0,0,0,116,116,0,425,0,0,0,0,0,425,425,0,0,0,0,0,0,8,1,0
588772269,projects/0/588772269-4636ea1a89f2036f27478b633e855ecc3920a2e0,MarceloGalliDev/ImovPy,4636ea1a89f2036f27478b633e855ecc3920a2e0,7,9734,95290,6,0,0,0,0,0,4,4,0,9732,0,0,0,0,0,1218,9619,0,95282,0,0,0,0,0,4962,94940,0,0,0,0,0,0,7,11,0
593094099,projects/0/593094099-fbbf495fba3806d6417e107a906858a2b6231e01,Colindre/MRCGR2,fbbf495fba3806d6417e107a906858a2b6231e01,14,1401,5616,10,0,0,0,0,0,10,5,0,1401,0,0,0,0,0,1401,643,0,5616,0,0,0,0,0,5616,2711,0,0,0,0,0,0,25,22,0
627177632,projects/0/627177632-ae0a68c33b0b6426211149e472b31903c66be033,ArthurWangusyd/Wifi_SCi_plus_mmWaveRadar,ae0a68c33b0b6426211149e472b31903c66be033,7,425,1901,7,0,0,0,0,0,7,5,0,425,0,0,0,0,0,425,336,0,1901,0,0,0,0,0,1901,1479,0,0,0,0,0,0,19,11,0
368734445,projects/0/368734445-37eff7e5defcdb2c5283efa2b2591d04d27fb647,VinayakaHk/ClassroomAutomator,37eff7e5defcdb2c5283efa2b2591d04d27fb647,1,192,602,1,1,0,0,0,0,1,1,0,192,192,0,0,0,0,192,192,0,602,602,0,0,0,0,602,602,0,1,0,0,0,0,3,6,0
746216521,projects/0/746216521-0ef63d69d59e15ce8f2898a2f8ba706c6371dc6e,betarac/Prediction-of-Bottles-Image,0ef63d69d59e15ce8f2898a2f8ba706c6371dc6e,2,48,206,2,0,0,0,0,0,2,0,0,48,0,0,0,0,0,48,0,0,206,0,0,0,0,0,206,0,0,0,0,0,0,0,6,0,0
419869439,projects/0/419869439-40deccce2d5f1be105652bd9e9bbc43783c0fe11,NASA-PDS/registry,40deccce2d5f1be105652bd9e9bbc43783c0fe11,17,1002,3597,9,0,0,0,0,0,7,6,0,901,0,0,0,0,0,811,828,0,3267,0,0,0,0,0,2913,2982,0,0,0,0,0,0,18,28,0
118163767,projects/0/118163767-178d02e605f94f5ee26175c8e73731fd0d9376bc,muesli4/archlinux-omega-iso,178d02e605f94f5ee26175c8e73731fd0d9376bc,2,44,166,2,0,0,0,0,0,1,2,0,44,0,0,0,0,0,31,44,0,166,0,0,0,0,0,119,166,0,0,0,0,0,0,3,4,0
645259993,projects/0/645259993-9411e261d9ce2a9929da34bc29ec045d225cbfdd,ChangyuChen347/semi-offline-RL,9411e261d9ce2a9929da34bc29ec045d225cbfdd,50,7423,32305,39,0,0,6,0,0,36,30,0,7389,0,0,122,0,0,7184,7127,0,32189,0,0,397,0,0,30942,31159,0,0,0,6,0,0,146,197,0
324875449,projects/0/324875449-4a4216f48f56a8eb6be84c3beb018fada5905c7d,matthew-smith-miller/covidnames,4a4216f48f56a8eb6be84c3beb018fada5905c7d,17,530,1601,13,0,0,0,0,0,7,13,0,530,0,0,0,0,0,318,530,0,1601,0,0,0,0,0,931,1601,0,0,0,0,0,0,8,25,0
164405729,projects/0/164405729-6c81be9574ac998a5d11a2221f684c7eb1556ee1,joetituskumar/joel,6c81be9574ac998a5d11a2221f684c7eb1556ee1,48,314,984,0,0,0,0,0,0,0,0,0,0,0,0,0,0,0,0,0,0,0,0,0,0,0,0,0,0,0,0,0,0,0,0,0,0,0
175019161,projects/0/175019161-17d91157ac85a50ff60729a326d5a0fa4fe20dbf,dladncks1217/Algorithm,17d91157ac85a50ff60729a326d5a0fa4fe20dbf,11,207,651,9,0,0,0,0,0,9,4,0,177,0,0,0,0,0,177,74,0,528,0,0,0,0,0,528,210,0,0,0,0,0,0,9,5,0
514111492,projects/0/514111492-47bf3e8dab365a9fec7d6b8b6a3ee0cc3e01477b,tojkuv/mindmap,47bf3e8dab365a9fec7d6b8b6a3ee0cc3e01477b,6,588,1853,6,0,0,0,0,0,6,2,0,588,0,0,0,0,0,588,253,0,1853,0,0,0,0,0,1853,835,0,0,0,0,0,0,19,2,0
256397891,projects/0/256397891-4f3c41db6457465e94b92b91fc560b911c16a16a,p-ranav/csv2,4f3c41db6457465e94b92b91fc560b911c16a16a,1,299,1192,1,0,0,0,0,0,1,1,0,299,0,0,0,0,0,299,299,0,1192,0,0,0,0,0,1192,1192,0,0,0,0,0,0,5,3,0
616136612,projects/0/616136612-5f6f50f23e7cdcbb0a3a08d0ba526436eec66dd7,alkaloge/DCH_KSU,5f6f50f23e7cdcbb0a3a08d0ba526436eec66dd7,45,13634,73301,44,1,0,0,0,0,43,38,0,13633,143,0,0,0,0,13602,13271,0,73298,615,0,0,0,0,73210,71108,0,4,0,0,0,0,123,105,0
693697648,projects/0/693697648-725a260b42113e4b625f8dbb9acd80015375d9a2,ledgeumontreal/chilean_dolphin,725a260b42113e4b625f8dbb9acd80015375d9a2,1,20,136,1,0,0,0,0,0,0,1,0,20,0,0,0,0,0,0,20,0,136,0,0,0,0,0,0,136,0,0,0,0,0,0,0,1,0
253533458,projects/0/253533458-aa87afd3f357c7fb43ddd0d5f61524e44bf02bdd,MIVRC/MLEFGN-PyTorch,aa87afd3f357c7fb43ddd0d5f61524e44bf02bdd,47,4446,16322,42,2,0,0,0,0,40,40,0,4325,288,0,0,0,0,4242,3997,0,15961,948,0,0,0,0,15731,14349,0,2,0,0,0,0,181,84,0
243489465,projects/0/243489465-894516ac25b569894202fd95a9b096e6c4b36628,pegahnikbakht/Flowrider,894516ac25b569894202fd95a9b096e6c4b36628,4,360,1451,4,0,0,0,0,0,4,2,0,360,0,0,0,0,0,360,293,0,1451,0,0,0,0,0,1451,1230,0,0,0,0,0,0,9,7,0
807212457,projects/0/807212457-7e00c1117c559fbf13286faab2e6d2c055b4dc3d,BrianMsane/sswcleaner,7e00c1117c559fbf13286faab2e6d2c055b4dc3d,9,450,1409,4,0,0,0,0,0,2,4,0,376,0,0,0,0,0,338,376,0,1278,0,0,0,0,0,1169,1278,0,0,0,0,0,0,7,8,0
555342510,projects/0/555342510-b7e36a5ea7551a0803994c73f3670f9fec6ee32e,monicatyris/publi,b7e36a5ea7551a0803994c73f3670f9fec6ee32e,4,766,3224,4,0,0,0,0,0,4,3,0,766,0,0,0,0,0,766,551,0,3224,0,0,0,0,0,3224,2416,0,0,0,0,0,0,30,18,0
356486579,projects/0/356486579-1128ce45fd696990446a9d9968d2160c6484796a,clarence-lee-sheng/SAUVC_2021_testing_code,1128ce45fd696990446a9d9968d2160c6484796a,20,1906,6909,19,0,0,0,0,0,19,17,0,1903,0,0,0,0,0,1903,1773,0,6907,0,0,0,0,0,6907,6454,0,0,0,0,0,0,52,40,0
218996381,projects/0/218996381-68b7caa87c38a2e121e2674bcedaef0fe8f13238,moenigin/agglomeration-proofreading,68b7caa87c38a2e121e2674bcedaef0fe8f13238,10,2649,10584,8,0,0,0,0,0,5,7,0,2522,0,0,0,0,0,2117,2500,0,10164,0,0,0,0,0,8644,10111,0,0,0,0,0,0,12,27,0
311365834,projects/0/311365834-8f6c600b903e02ad14698ed56ac97b04f5e499d1,rahulc-96/imdb-web-crawler,8f6c600b903e02ad14698ed56ac97b04f5e499d1,8,372,1580,4,0,0,0,0,0,3,4,0,272,0,0,0,0,0,169,272,0,1172,0,0,0,0,0,741,1172,0,0,0,0,0,0,4,7,0
39784851,projects/0/39784851-d42e649efd3db8fe28072c1b52b68c6c7a59a5f0,weifei/tuzc,d42e649efd3db8fe28072c1b52b68c6c7a59a5f0,7,2905,12875,6,0,0,0,0,0,5,4,0,2904,0,0,0,0,0,2834,1194,0,12873,0,0,0,0,0,12585,4712,0,0,0,0,0,0,17,6,0
42750439,projects/0/42750439-75432711dd03c92dd8fbf19d52f901bf4cbdde0a,pyvista/pyacvd,75432711dd03c92dd8fbf19d52f901bf4cbdde0a,4,825,2764,4,0,0,0,0,0,3,4,0,825,0,0,0,0,0,814,825,0,2764,0,0,0,0,0,2742,2764,0,0,0,0,0,0,10,12,0
312594647,projects/0/312594647-62a2552413c6cf86169dfaa160ea3356916d2b36,ThoStart/potts_model,62a2552413c6cf86169dfaa160ea3356916d2b36,3,109,448,3,0,0,0,0,0,3,1,0,109,0,0,0,0,0,109,6,0,448,0,0,0,0,0,448,20,0,0,0,0,0,0,11,2,0
323976511,projects/0/323976511-3c7663043d5374cd1949d99a89d3a60d63ca781a,healthyregions/OpenAirq-dashboard2,3c7663043d5374cd1949d99a89d3a60d63ca781a,13,340,1016,13,0,0,0,0,0,10,11,0,340,0,0,0,0,0,293,290,0,1016,0,0,0,0,0,873,857,0,0,0,0,0,0,21,13,0
750853282,projects/0/750853282-8b50a6f7c817ae0b8ec0c745331b9191d46caac9,HassanB117/htmlcodingtest,8b50a6f7c817ae0b8ec0c745331b9191d46caac9,2,65,235,1,0,0,0,0,0,1,1,0,22,0,0,0,0,0,22,22,0,78,0,0,0,0,0,78,78,0,0,0,0,0,0,1,1,0
691590741,projects/0/691590741-f83d0e6918c400e5497983e2586aeb8c4c90898a,DonMandon/Pizza-Game,f83d0e6918c400e5497983e2586aeb8c4c90898a,3,743,3171,3,1,0,0,0,0,3,0,0,743,411,0,0,0,0,743,0,0,3171,1902,0,0,0,0,3171,0,0,27,0,0,0,0,3,0,0
18582381,projects/0/18582381-f141db9be1ff0b0f8f33c58e1d7950ccfa0b9f48,Wizcorp/marathon-client.py,f141db9be1ff0b0f8f33c58e1d7950ccfa0b9f48,3,577,2178,3,0,0,0,0,0,2,1,0,577,0,0,0,0,0,561,16,0,2178,0,0,0,0,0,2134,44,0,0,0,0,0,0,5,1,0
235399132,projects/0/235399132-3e55b9af6878f1b36d65e737762d1a5a4ca4e36c,OrriePage/2.5-Men-works,3e55b9af6878f1b36d65e737762d1a5a4ca4e36c,1,192,558,1,0,0,0,0,0,1,1,0,192,0,0,0,0,0,192,192,0,558,0,0,0,0,0,558,558,0,0,0,0,0,0,1,1,0
350854211,projects/0/350854211-b37e62d09ee85b727dec316279c8ea5aa9a5422c,wzafar/star-classifier,b37e62d09ee85b727dec316279c8ea5aa9a5422c,1,177,456,1,0,0,0,0,0,1,1,0,177,0,0,0,0,0,177,177,0,456,0,0,0,0,0,456,456,0,0,0,0,0,0,6,9,0
114758345,projects/0/114758345-b354a59429efe44d6a42bc28d75455e2038f246c,novakps/adventofcode,b354a59429efe44d6a42bc28d75455e2038f246c,2,118,291,2,1,0,0,0,0,2,0,0,118,68,0,0,0,0,118,0,0,291,165,0,0,0,0,291,0,0,7,0,0,0,0,2,0,0
298407202,projects/0/298407202-ca6c1f5c7cb439aac34f561d6ce16df2107227c5,cityscape-107/cs107-FinalProject,ca6c1f5c7cb439aac34f561d6ce16df2107227c5,6,3624,13351,6,0,0,0,0,0,5,4,0,3624,0,0,0,0,0,3477,1884,0,13351,0,0,0,0,0,12946,7443,0,0,0,0,0,0,9,5,0
572479518,projects/0/572479518-53cc5ad5a2e43fc199a7804877d5a12324d494d0,dhanalakshmilenka256/python-projects,53cc5ad5a2e43fc199a7804877d5a12324d494d0,24,726,2526,11,1,0,0,0,0,7,9,0,563,61,0,0,0,0,415,484,0,1809,213,0,0,0,0,1363,1545,0,1,0,0,0,0,15,18,0
361503603,projects/0/361503603-8d7390f42649a989b944a7ca4c0c5e8b8d83adbb,ICascha/QuantGANs-replication,8d7390f42649a989b944a7ca4c0c5e8b8d83adbb,7,834,4562,7,0,0,0,0,0,5,7,0,834,0,0,0,0,0,618,834,0,4562,0,0,0,0,0,3158,4562,0,0,0,0,0,0,14,28,0
5539773,projects/0/5539773-4a12abe27fc0c3005104087a9b2dec2e7bc8e7b3,LiveTex/Node-Pg,4a12abe27fc0c3005104087a9b2dec2e7bc8e7b3,0,0,0,0,0,0,0,0,0,0,0,0,0,0,0,0,0,0,0,0,0,0,0,0,0,0,0,0,0,0,0,0,0,0,0,0,0,0
369157085,projects/0/369157085-81f75b7e63a63314716991c1a3f2f85dafb277be,Han-nu-ri/IAAE,81f75b7e63a63314716991c1a3f2f85dafb277be,9,1825,7922,9,4,0,0,0,0,9,6,0,1825,709,0,0,0,0,1825,1568,0,7922,3345,0,0,0,0,7922,6998,0,8,0,0,0,0,65,10,0
695456486,projects/0/695456486-7200d2b2503f55f2144d3d2e8cc06b5294ef50e8,Mr-Rosan/tinaface,7200d2b2503f55f2144d3d2e8cc06b5294ef50e8,215,24749,93701,205,1,0,0,0,0,128,190,0,23245,232,0,0,0,0,21289,21786,0,89624,945,0,0,0,0,82881,83934,0,2,0,0,0,0,316,543,0
554664349,projects/0/554664349-dd99fc6f4cf3e2f25f6f53868c2e67a248da1506,PreferredAI/ReIntNTM,dd99fc6f4cf3e2f25f6f53868c2e67a248da1506,3,460,1684,3,0,0,0,0,0,3,3,0,460,0,0,0,0,0,460,460,0,1684,0,0,0,0,0,1684,1684,0,0,0,0,0,0,6,5,0
252328354,projects/0/252328354-4de4782586d63edc65d324ffac5aaef6348d6489,gshau/TheAstroImagingPlanner,4de4782586d63edc65d324ffac5aaef6348d6489,49,12268,33059,41,1,0,0,0,0,38,32,0,12174,3624,0,0,0,0,11942,11749,0,32843,9735,0,0,0,0,31959,31541,0,3,0,0,0,0,158,152,0
51640762,projects/0/51640762-1c60f3c64b30847bc43673446741be4771ef0b21,emulasion/fpga_scope,1c60f3c64b30847bc43673446741be4771ef0b21,2,365,962,2,0,0,0,0,0,2,2,0,365,0,0,0,0,0,365,365,0,962,0,0,0,0,0,962,962,0,0,0,0,0,0,7,2,0
549201320,projects/0/549201320-202d7024be04bda00aef0741249d847dc18ca0cc,carlsullivan11/MyoMotion-Data-Extraction,202d7024be04bda00aef0741249d847dc18ca0cc,2,474,2087,2,0,0,0,0,0,2,1,0,474,0,0,0,0,0,474,191,0,2087,0,0,0,0,0,2087,842,0,0,0,0,0,0,7,1,0
169262274,projects/0/169262274-9b94517ce02296f5730e3fc185227ab8b38da1a8,burlicconi/dd,9b94517ce02296f5730e3fc185227ab8b38da1a8,23,1323,4408,16,0,0,0,0,0,8,15,0,1312,0,0,0,0,0,885,1135,0,4346,0,0,0,0,0,2933,3939,0,0,0,0,0,0,15,54,0
249088403,projects/0/249088403-9b24915abef1dc88d60728ebe3b7701cb092492c,hunshcn/gh-proxy,9b24915abef1dc88d60728ebe3b7701cb092492c,1,195,855,1,0,0,0,0,0,1,1,0,195,0,0,0,0,0,195,195,0,855,0,0,0,0,0,855,855,0,0,0,0,0,0,2,5,0
180182155,projects/0/180182155-146decb30de6523d1e11aa68ea3b066a556fad2e,tson1111/nn-based-on-tvm,146decb30de6523d1e11aa68ea3b066a556fad2e,7,2310,7856,6,1,0,0,0,0,5,6,0,2279,187,0,0,0,0,2277,2279,0,7769,676,0,0,0,0,7761,7769,0,3,0,0,0,0,29,12,0
299934802,projects/0/299934802-a2efc3ea36f0aa312ff815ca72b849946e15e10c,mariatsalakou/libsemigroups_pybind11,a2efc3ea36f0aa312ff815ca72b849946e15e10c,10,1656,5251,9,0,1,0,0,0,8,8,0,1624,0,227,0,0,0,1397,1569,0,5140,0,655,0,0,0,4485,5024,0,0,1,0,0,0,14,13,0
237182442,projects/0/237182442-14650f88276a1330872a7504e728c7b09464ce4c,wangzilong2019/Java,14650f88276a1330872a7504e728c7b09464ce4c,307,101195,429411,269,9,0,5,6,0,183,259,0,87050,3825,0,5309,4004,0,77250,85455,0,332204,14790,0,18837,14516,0,290223,325828,0,12,0,11,7,0,744,1476,0
601375478,projects/0/601375478-86636054dbc9394f3c0af5bf48b22b4c76924a1e,emorynlp/eclair-transformer,86636054dbc9394f3c0af5bf48b22b4c76924a1e,6,395,1801,6,0,0,0,0,0,6,5,0,395,0,0,0,0,0,395,367,0,1801,0,0,0,0,0,1801,1701,0,0,0,0,0,0,13,9,0
77723769,projects/0/77723769-cd62cc6e8f3b2fd1d3eba92ff8b553ddf428e0ba,omegahorizontech/agile-analyst,cd62cc6e8f3b2fd1d3eba92ff8b553ddf428e0ba,13,990,4822,12,0,0,0,0,0,6,12,0,990,0,0,0,0,0,679,990,0,4822,0,0,0,0,0,3992,4822,0,0,0,0,0,0,14,32,0
215548895,projects/0/215548895-3cccbb4a50e9a55146e13f302300787f96486877,jkisung/firebase_chat,3cccbb4a50e9a55146e13f302300787f96486877,2,35,100,2,0,0,0,0,0,1,2,0,35,0,0,0,0,0,25,35,0,100,0,0,0,0,0,76,100,0,0,0,0,0,0,1,4,0
423147359,projects/0/423147359-b471a4796a9c31c4b51a50b1652afb318dc28a99,E-EE-E/MachineLearning-Study,b471a4796a9c31c4b51a50b1652afb318dc28a99,11,576,2265,7,2,0,0,0,0,5,7,0,538,163,0,0,0,0,312,538,0,2143,797,0,0,0,0,1281,2143,0,2,0,0,0,0,6,22,0
470974337,projects/0/470974337-7756dc84af242c07266c519a4a5307b8ce0b3671,bittremieux/cosine_neutral_loss,7756dc84af242c07266c519a4a5307b8ce0b3671,3,462,1550,3,0,0,0,0,0,3,1,0,462,0,0,0,0,0,462,152,0,1550,0,0,0,0,0,1550,530,0,0,0,0,0,0,18,1,0
799101014,projects/0/799101014-294b9801f43069ddb2a5e077e8df4c0af0c704c5,HSallinen/Tori-Scraper,294b9801f43069ddb2a5e077e8df4c0af0c704c5,3,234,75852,2,0,0,0,0,0,1,2,0,233,0,0,0,0,0,193,233,0,1408,0,0,0,0,0,1298,1408,0,0,0,0,0,0,3,8,0
220553888,projects/0/220553888-4d176f9640f6afca93ee2cfee6b15f47c27457c1,maxkeiff/uva,4d176f9640f6afca93ee2cfee6b15f47c27457c1,8,371,1556,7,2,0,0,0,0,6,2,0,346,143,0,0,0,0,281,98,0,1455,547,0,0,0,0,1222,468,0,2,0,0,0,0,10,2,0
101903817,projects/0/101903817-318e6da47296e2f2a436b8eb347759cc6d8f0952,pandeyprakriti/DataMining-Pandey,318e6da47296e2f2a436b8eb347759cc6d8f0952,11,1147,4244,11,2,0,0,0,0,11,9,0,1147,418,0,0,0,0,1147,1042,0,4244,1398,0,0,0,0,4244,3680,0,2,0,0,0,0,44,21,0
675226458,projects/0/675226458-c20161ceef024ce57abf0d5cbe91c0b2b816a470,Stephen-SMJ/Melanoma_Classification,c20161ceef024ce57abf0d5cbe91c0b2b816a470,14,1084,3905,14,0,0,0,0,0,14,10,0,1084,0,0,0,0,0,1084,875,0,3905,0,0,0,0,0,3905,3065,0,0,0,0,0,0,55,28,0
793985650,projects/0/793985650-e7103acefb8e7aebdc94268c88f3a1141c8213e0,laishoujie/wubitian,e7103acefb8e7aebdc94268c88f3a1141c8213e0,10,2669,9659,9,5,0,0,0,0,9,9,0,2669,2262,0,0,0,0,2669,2669,0,9659,8285,0,0,0,0,9659,9659,0,19,0,0,0,0,36,18,0
670479467,projects/0/670479467-d5342302406adcb47a34ec06d94af83bca336aef,volcengine/pulumi-volcengine,d5342302406adcb47a34ec06d94af83bca336aef,563,247023,985442,563,0,0,0,0,0,563,563,0,247023,0,0,0,0,0,247023,247023,0,985442,0,0,0,0,0,985442,985442,0,0,0,0,0,0,3890,2078,0
426295977,projects/0/426295977-133752b714b7c3726ab7129b4995523aaa863c43,annaabsi/USDPEN,133752b714b7c3726ab7129b4995523aaa863c43,1,90,383,1,0,0,0,0,0,1,1,0,90,0,0,0,0,0,90,90,0,383,0,0,0,0,0,383,383,0,0,0,0,0,0,3,2,0
62972482,projects/0/62972482-63f63b6a741eb818e1dc0207d3eb99277784d45a,serjt/Tender,63f63b6a741eb818e1dc0207d3eb99277784d45a,33,1426,4312,24,0,0,0,0,0,5,22,0,1423,0,0,0,0,0,219,1293,0,4300,0,0,0,0,0,684,3935,0,0,0,0,0,0,8,58,0
854520632,projects/0/854520632-193ced91948f71b3cc0acca852e3db62a1721088,PublicDataWorks/verdad,193ced91948f71b3cc0acca852e3db62a1721088,44,10365,32723,41,0,1,0,0,0,33,39,0,10365,0,253,0,0,0,9744,10203,0,32723,0,779,0,0,0,30839,32225,0,0,1,0,0,0,102,150,0
343944274,projects/0/343944274-64dc42dfc82cab83d30ca7a65e0943960936b19b,atas76/coronadata,64dc42dfc82cab83d30ca7a65e0943960936b19b,11,411,1389,10,0,0,0,0,0,8,5,0,375,0,0,0,0,0,260,266,0,1237,0,0,0,0,0,913,843,0,0,0,0,0,0,9,6,0
621722699,projects/0/621722699-324eb4c8b458a10e2296faf483932f11d78ce8a9,lostnote0/Line-bot_on_render,324eb4c8b458a10e2296faf483932f11d78ce8a9,103,20725,72889,98,0,0,0,0,0,65,96,0,20639,0,0,0,0,0,14636,20219,0,72403,0,0,0,0,0,50767,70788,0,0,0,0,0,0,149,330,0
762160045,projects/0/762160045-c7c35f00cda753eba24d37b991ebc1db6ab48299,ansh224466/tokenbot,c7c35f00cda753eba24d37b991ebc1db6ab48299,12,801,3085,12,0,0,0,0,0,6,12,0,801,0,0,0,0,0,669,801,0,3085,0,0,0,0,0,2457,3085,0,0,0,0,0,0,19,50,0
430202024,projects/0/430202024-a63213da3fd1c3fdb11b927c7bfa14f5bab86842,brunnabrito/Alura,a63213da3fd1c3fdb11b927c7bfa14f5bab86842,4,195,528,1,0,0,0,0,0,0,1,0,92,0,0,0,0,0,0,92,0,242,0,0,0,0,0,0,242,0,0,0,0,0,0,0,1,0
152875863,projects/0/152875863-c5bebc2ea92e10b8e4319e930b458d408cbd9130,cherowl/app-jokes,c5bebc2ea92e10b8e4319e930b458d408cbd9130,11,503,1713,10,0,0,0,0,0,7,7,0,500,0,0,0,0,0,417,425,0,1709,0,0,0,0,0,1376,1528,0,0,0,0,0,0,10,23,0
599721924,projects/0/599721924-e0f1f2c739f6880a61a6c573f9295269b562cb54,RNolioSC/IoT_Piloto_UTI,e0f1f2c739f6880a61a6c573f9295269b562cb54,6,328,987,6,0,0,0,0,0,6,3,0,328,0,0,0,0,0,328,258,0,987,0,0,0,0,0,987,827,0,0,0,0,0,0,15,4,0
397488392,projects/0/397488392-583063ddffce592ed25fbf7a6cf7b05102fd0fa1,JacobMk63/alx-system_engineering-devops,583063ddffce592ed25fbf7a6cf7b05102fd0fa1,8,187,578,8,1,0,0,0,0,8,0,0,187,28,0,0,0,0,187,0,0,578,95,0,0,0,0,578,0,0,1,0,0,0,0,9,0,0
24558624,projects/0/24558624-6a6a6846c68b931f4e88f944b2b1d5df87bf586d,nimasmi/orch,6a6a6846c68b931f4e88f944b2b1d5df87bf586d,82,3248,10837,51,0,0,0,0,0,22,50,0,3238,0,0,0,0,0,1848,3024,0,10804,0,0,0,0,0,6665,10324,0,0,0,0,0,0,52,206,0
676260537,projects/0/676260537-6f1906c709979175f158d698ba8a566211fee247,ziaali455/divi_reject_model,6f1906c709979175f158d698ba8a566211fee247,1,72,248,1,0,0,0,0,0,1,1,0,72,0,0,0,0,0,72,72,0,248,0,0,0,0,0,248,248,0,0,0,0,0,0,4,1,0
46326609,projects/0/46326609-e48f6cd789f3a0ef3db17214722fb8d120792266,zhongyn/ProductManagement,e48f6cd789f3a0ef3db17214722fb8d120792266,3,243,911,3,0,0,0,0,0,3,3,0,243,0,0,0,0,0,243,243,0,911,0,0,0,0,0,911,911,0,0,0,0,0,0,4,5,0
281550370,projects/0/281550370-699431b5c15d5e7a51aedab3a8abcfde60cfcb51,shivammathur/php-ubuntu,699431b5c15d5e7a51aedab3a8abcfde60cfcb51,2,52,179,2,0,0,0,0,0,2,0,0,52,0,0,0,0,0,52,0,0,179,0,0,0,0,0,179,0,0,0,0,0,0,0,3,0,0
414132259,projects/0/414132259-009824d9e0314144f08b9b5dbd9b595481e41fc5,EL-Magnific-o/Fintech,009824d9e0314144f08b9b5dbd9b595481e41fc5,3,391,1104,3,0,0,0,0,0,3,1,0,391,0,0,0,0,0,391,25,0,1104,0,0,0,0,0,1104,126,0,0,0,0,0,0,4,2,0
687170808,projects/0/687170808-110d42be3e0c43ee56d61fe28eb1b6f2a98f9fc3,Stefinshibygeorge/Digital_Signal_Processing,110d42be3e0c43ee56d61fe28eb1b6f2a98f9fc3,2,593,2235,2,0,0,0,0,0,1,2,0,593,0,0,0,0,0,527,593,0,2235,0,0,0,0,0,1930,2235,0,0,0,0,0,0,11,2,0
847628038,projects/0/847628038-b99c6fb173e470bc389cc7722bf6077bbd344742,Danielkhakbaz/LeetCode-Algorithms,b99c6fb173e470bc389cc7722bf6077bbd344742,11,212,568,0,0,0,0,0,0,0,0,0,0,0,0,0,0,0,0,0,0,0,0,0,0,0,0,0,0,0,0,0,0,0,0,0,0,0
146747379,projects/0/146747379-2736d0ec965b70f67eafffa3d73f768b3df6ef97,Nazrath10R/RetroMiner_to_RTPEA,2736d0ec965b70f67eafffa3d73f768b3df6ef97,2,76,250,2,0,0,0,0,0,2,0,0,76,0,0,0,0,0,76,0,0,250,0,0,0,0,0,250,0,0,0,0,0,0,0,6,0,0
174263267,projects/0/174263267-4f1c53d7ea88aca8a252b6cf24b072f248c662f3,tjfrahme/company-dashboard,4f1c53d7ea88aca8a252b6cf24b072f248c662f3,2,22,98,1,0,0,0,0,0,1,1,0,22,0,0,0,0,0,22,22,0,98,0,0,0,0,0,98,98,0,0,0,0,0,0,3,1,0
90510446,projects/0/90510446-726876e1fccb6d2c858a2406cb2dbea5376fe9e5,jcsesznegi/simple-kanji-viewer,726876e1fccb6d2c858a2406cb2dbea5376fe9e5,1,71,227,1,0,0,0,0,0,1,1,0,71,0,0,0,0,0,71,71,0,227,0,0,0,0,0,227,227,0,0,0,0,0,0,4,2,0
320641477,projects/0/320641477-6ec820067feb4fffa51ab8eefbd085c2bab50785,jballesterosc/fb-political-ads,6ec820067feb4fffa51ab8eefbd085c2bab50785,3,344,553,3,0,0,0,0,0,3,0,0,344,0,0,0,0,0,344,0,0,553,0,0,0,0,0,553,0,0,0,0,0,0,0,3,0,0
320768415,projects/0/320768415-55cbff6da5328bdd32eee36df12380b2aa94cd77,wbszhu/BL-HiChIP,55cbff6da5328bdd32eee36df12380b2aa94cd77,4,103,399,4,0,0,0,0,0,4,0,0,103,0,0,0,0,0,103,0,0,399,0,0,0,0,0,399,0,0,0,0,0,0,0,6,0,0
257378356,projects/0/257378356-23aef5f6ff9d3106630e686a21a258c18dcade4e,SavanGowda/DevOps_Microservices,23aef5f6ff9d3106630e686a21a258c18dcade4e,25,1296,4465,23,0,0,0,0,0,22,16,0,1294,0,0,0,0,0,1288,1066,0,4459,0,0,0,0,0,4447,3456,0,0,0,0,0,0,53,40,0
739545980,projects/0/739545980-943af1b16451af63a0fb949c60772af11cf4f27c,kingparra/ansible-for-devops,943af1b16451af63a0fb949c60772af11cf4f27c,1,541,2084,1,0,0,0,0,0,1,1,0,541,0,0,0,0,0,541,541,0,2084,0,0,0,0,0,2084,2084,0,0,0,0,0,0,9,2,0
371787490,projects/0/371787490-a69a4066a20c2cbd0c541587da2c2d7c38772ef6,HeyLucasLeao/covid-no-amazonas,a69a4066a20c2cbd0c541587da2c2d7c38772ef6,7,1217,4730,7,0,0,0,0,0,6,7,0,1217,0,0,0,0,0,1190,1217,0,4730,0,0,0,0,0,4645,4730,0,0,0,0,0,0,17,26,0
650677790,projects/0/650677790-8483ab316b741abb79393e1d13fffbc667aa8b7d,mohammedmxz/alx-system_engineering-devops,8483ab316b741abb79393e1d13fffbc667aa8b7d,15,335,1214,15,0,0,0,0,0,15,0,0,335,0,0,0,0,0,335,0,0,1214,0,0,0,0,0,1214,0,0,0,0,0,0,0,22,0,0
679781411,projects/0/679781411-e38b93aa40748d5b94cccbb9d870ae881a93a2a1,galmouzni/Shweta_et_al_2023,e38b93aa40748d5b94cccbb9d870ae881a93a2a1,8,3112,9984,6,0,0,0,0,0,5,5,0,2778,0,0,0,0,0,2545,2518,0,9145,0,0,0,0,0,8573,7894,0,0,0,0,0,0,25,20,0
72989535,projects/0/72989535-67dc1b9a0126b6b71ed2636056c677085584aa2e,tonyjiangh/kaggle_playground,67dc1b9a0126b6b71ed2636056c677085584aa2e,4,324,2125,4,0,0,0,0,0,4,1,0,324,0,0,0,0,0,324,97,0,2125,0,0,0,0,0,2125,582,0,0,0,0,0,0,12,1,0
769928745,projects/0/769928745-d2462d2b57c83bb075825a77f4a337835a60cdb2,yuvalgrofman/Diameter_Algorithms_Project,d2462d2b57c83bb075825a77f4a337835a60cdb2,1,90,250,1,0,0,0,0,0,1,0,0,90,0,0,0,0,0,90,0,0,250,0,0,0,0,0,250,0,0,0,0,0,0,0,1,0,0
427689754,projects/0/427689754-c28fc4e84bcdef76c0713903bf64e6b82d38403d,LorenzoAgnolucci/Keyframes-GAN,c28fc4e84bcdef76c0713903bf64e6b82d38403d,98,17411,75866,95,1,1,0,0,0,83,87,0,17312,494,255,0,0,0,16713,15588,0,75566,2100,1102,0,0,0,72810,67901,0,1,1,0,0,0,259,347,0
1828357,projects/0/1828357-c7814ccea0fbcd1281fac8a327daec3513e2d406,pablotcarreira/Fast-SQL-Layer,c7814ccea0fbcd1281fac8a327daec3513e2d406,8,2259,14656,7,1,0,0,0,0,5,7,0,2259,124,0,0,0,0,1699,2259,0,14656,444,0,0,0,0,6818,14656,0,1,0,0,0,0,13,19,0
51115251,projects/0/51115251-9c95607eda4e413d1b245a2b7831366a744dd9af,lazer-nikolic/GenAn,9c95607eda4e413d1b245a2b7831366a744dd9af,43,1837,6151,18,0,0,0,0,0,5,17,0,1410,0,0,0,0,0,801,1399,0,5258,0,0,0,0,0,3067,5237,0,0,0,0,0,0,15,61,0
476464407,projects/0/476464407-4d06e198907988a63fc774d3c4ca9acd607c0aaa,DmBand/hairdressers,4d06e198907988a63fc774d3c4ca9acd607c0aaa,46,3373,9549,39,0,0,0,0,0,17,39,0,3373,0,0,0,0,0,1567,3373,0,9549,0,0,0,0,0,4894,9549,0,0,0,0,0,0,26,110,0
352767102,projects/0/352767102-fb8711db26e14d690d1ae0322078199846ea3436,batestin1/PYGAMES,fb8711db26e14d690d1ae0322078199846ea3436,247,21372,81542,226,4,0,0,0,0,71,221,0,21372,397,0,0,0,0,11086,20854,0,81542,1421,0,0,0,0,42411,80098,0,17,0,0,0,0,81,1525,0
204397753,projects/0/204397753-d2cce5be7702bb485e5b9949951a178cf41b0137,myl7/ssrcli,d2cce5be7702bb485e5b9949951a178cf41b0137,21,1139,3963,19,0,0,0,0,0,16,16,0,1119,0,0,0,0,0,1067,1098,0,3933,0,0,0,0,0,3788,3879,0,0,0,0,0,0,44,38,0
800541399,projects/0/800541399-652c648c0129d3d4fdb0efdf291f241f8226aaa1,nessajimenez/pr-biz-patterns,652c648c0129d3d4fdb0efdf291f241f8226aaa1,1,94,568,1,0,0,0,0,0,1,0,0,94,0,0,0,0,0,94,0,0,568,0,0,0,0,0,568,0,0,0,0,0,0,0,4,0,0
333987977,projects/0/333987977-62c369e1dcff1b55e3466c63584796d95c6659c6,SamsterBirdies/Birdies-Guns,62c369e1dcff1b55e3466c63584796d95c6659c6,17,675,3426,17,0,0,0,0,0,17,1,0,675,0,0,0,0,0,675,70,0,3426,0,0,0,0,0,3426,382,0,0,0,0,0,0,17,1,0
21368307,projects/0/21368307-e0350d47e4dbd26badee795176975c6711f0ebc7,wj2/vasc-based-insertion-targeting,e0350d47e4dbd26badee795176975c6711f0ebc7,19,6175,24659,13,0,0,1,0,0,13,10,0,6134,0,0,3669,0,0,6134,5927,0,24593,0,0,14256,0,0,24593,23611,0,0,0,1,0,0,65,28,0
747615185,projects/0/747615185-99461b52d5c7e8bed6a5580afbdbdf4f5c4fb288,Alex29f/PrimsAlgoGraphGenerator,99461b52d5c7e8bed6a5580afbdbdf4f5c4fb288,2,427,2072,2,0,0,0,0,0,1,1,0,427,0,0,0,0,0,219,208,0,2072,0,0,0,0,0,1022,1050,0,0,0,0,0,0,4,4,0
445833298,projects/0/445833298-039ddfd006336a9fd6a4daf6f7be44811b18569d,Devendra176/rock-paper-scissor,039ddfd006336a9fd6a4daf6f7be44811b18569d,23,561,1927,19,0,0,0,0,0,8,18,0,561,0,0,0,0,0,416,458,0,1927,0,0,0,0,0,1434,1473,0,0,0,0,0,0,10,39,0
244871563,projects/0/244871563-d3dce02d4610609b012b42959a2f97ad96cf619d,ogtayhuseynov0/hesabat,d3dce02d4610609b012b42959a2f97ad96cf619d,1,23,117,1,0,0,0,0,0,1,1,0,23,0,0,0,0,0,23,23,0,117,0,0,0,0,0,117,117,0,0,0,0,0,0,3,1,0
706113809,projects/0/706113809-fb5c4fba476a5c480591081c726c86586b61dc8d,NicolaHorst/UNI-Machine-Learning-II,fb5c4fba476a5c480591081c726c86586b61dc8d,6,1217,6446,3,0,0,0,0,0,3,3,0,1217,0,0,0,0,0,1217,1217,0,6446,0,0,0,0,0,6446,6446,0,0,0,0,0,0,12,16,0
222394695,projects/0/222394695-ebfea2c1a883b2ed58e3f363e64c2ffd996e2cf5,qmrmqmrm/ml,ebfea2c1a883b2ed58e3f363e64c2ffd996e2cf5,20,5284,20239,19,1,0,0,0,0,19,9,0,5217,219,0,0,0,0,5217,4083,0,20042,711,0,0,0,0,20042,15995,0,8,0,0,0,0,52,16,0
333079525,projects/0/333079525-28e660182b94b08f4627545e30f48d76c3565736,shahrier13/Simple_Python_Projects,28e660182b94b08f4627545e30f48d76c3565736,5,363,988,4,0,0,0,0,0,4,1,0,363,0,0,0,0,0,363,55,0,988,0,0,0,0,0,988,167,0,0,0,0,0,0,4,1,0
808332436,projects/0/808332436-f3c409f3c6fc83c0917edeb5f056deabb0b680f5,toreachpoise/sporulation,f3c409f3c6fc83c0917edeb5f056deabb0b680f5,181,89831,292877,176,50,0,5,1,0,152,172,3,89601,45613,0,9980,899,0,86108,89345,1409,292260,143033,0,30217,2976,0,280092,291340,4636,171,0,6,1,0,740,508,3
738257876,projects/0/738257876-924262dc71ee6d05498052dd575f5c4268fd4a12,Teresa-ops/alx-higher_level_programming,924262dc71ee6d05498052dd575f5c4268fd4a12,221,6162,22364,55,0,0,0,0,0,45,28,0,3415,0,0,0,0,0,3056,2652,0,13092,0,0,0,0,0,11827,10421,0,0,0,0,0,0,58,69,0
443158977,projects/0/443158977-8add6ba553c73b27b6aee15efb54ea601046ade2,Abhiie/ML_Lab,8add6ba553c73b27b6aee15efb54ea601046ade2,18,436,1595,18,0,0,0,0,0,18,7,0,436,0,0,0,0,0,436,335,0,1595,0,0,0,0,0,1595,1178,0,0,0,0,0,0,42,22,0
537951233,projects/0/537951233-6c69a5026305abf8b356041a8395c3775bebdf3f,manjrekarom/biomedval,6c69a5026305abf8b356041a8395c3775bebdf3f,21,2999,10892,19,3,0,0,0,0,18,16,0,2998,758,0,0,0,0,2958,2893,0,10889,2881,0,0,0,0,10740,10554,0,3,0,0,0,0,78,64,0
232323434,projects/0/232323434-9b5c2eb1cfa68e079855c6e3cd261445e95e1b36,qiuhuiGithub/leetcode_python,9b5c2eb1cfa68e079855c6e3cd261445e95e1b36,30,7715,24985,2,0,0,0,0,0,2,1,0,444,0,0,0,0,0,444,76,0,1403,0,0,0,0,0,1403,235,0,0,0,0,0,0,2,1,0
143040614,projects/0/143040614-ca14f6717281421b9305cc58d762e2973551177f,Wincij/Hangman,ca14f6717281421b9305cc58d762e2973551177f,2,251,1042,1,0,0,0,0,0,1,1,0,249,0,0,0,0,0,249,249,0,1034,0,0,0,0,0,1034,1034,0,0,0,0,0,0,1,1,0
100426659,projects/0/100426659-4992672559c1df38378fd2e3c8d4e6936b65fdfa,dawnwages/micons,4992672559c1df38378fd2e3c8d4e6936b65fdfa,33,1433,4852,25,0,0,0,0,0,8,24,0,1433,0,0,0,0,0,594,1188,0,4852,0,0,0,0,0,2349,3998,0,0,0,0,0,0,15,98,0
37847604,projects/0/37847604-27857c9d84c81c32e7712d58c1a262db65e8d7fe,gospodarka-przestrzenna/MongoConnector,27857c9d84c81c32e7712d58c1a262db65e8d7fe,5,584,2416,5,0,0,0,0,0,3,5,0,584,0,0,0,0,0,491,584,0,2416,0,0,0,0,0,1978,2416,0,0,0,0,0,0,5,15,0
149493667,projects/0/149493667-daf35dd650142edb73bcdd62d66f75e8d0f1b296,KevinLiao159/MyDataSciencePortfolio,daf35dd650142edb73bcdd62d66f75e8d0f1b296,5,953,3178,4,0,0,0,0,0,4,3,0,953,0,0,0,0,0,953,877,0,3178,0,0,0,0,0,3178,2936,0,0,0,0,0,0,13,11,0
488124012,projects/0/488124012-5ab29d9e583827bca7f3de9312573101258d038f,sumangit4u/algotrading,5ab29d9e583827bca7f3de9312573101258d038f,15,1029,4748,13,1,0,0,0,0,13,11,0,1029,235,0,0,0,0,1029,992,0,4748,1091,0,0,0,0,4748,4616,0,1,0,0,0,0,41,21,0
131903547,projects/0/131903547-74595b605b7b1ee737bdff5fab55e83ba66a73c1,aurastorm64/pokemon-battle-python,74595b605b7b1ee737bdff5fab55e83ba66a73c1,2,1579,6124,2,1,0,0,0,0,2,0,0,1579,859,0,0,0,0,1579,0,0,6124,3463,0,0,0,0,6124,0,0,1,0,0,0,0,3,0,0
355696756,projects/0/355696756-fb13d41d1dfa99d99b624a407ceea59526eed8e3,igncarrillo/um2021g3,fb13d41d1dfa99d99b624a407ceea59526eed8e3,20,789,2627,17,0,0,0,0,0,5,17,0,789,0,0,0,0,0,242,789,0,2627,0,0,0,0,0,856,2627,0,0,0,0,0,0,6,34,0
518098121,projects/0/518098121-d8c7bc7fe0063b7f95e8ddebf3e40cf48b0002a5,troncosofranco/programmers-salary-app,d8c7bc7fe0063b7f95e8ddebf3e40cf48b0002a5,1,148,554,1,0,0,0,0,0,1,0,0,148,0,0,0,0,0,148,0,0,554,0,0,0,0,0,554,0,0,0,0,0,0,0,5,0,0
631004030,projects/0/631004030-5fc13192c3606807ab25f18cb0eb89e0942d438c,cejebuto/TelegramBotOpenAI,5fc13192c3606807ab25f18cb0eb89e0942d438c,7,583,2419,6,0,0,0,0,0,6,5,0,583,0,0,0,0,0,583,550,0,2419,0,0,0,0,0,2419,2278,0,0,0,0,0,0,14,15,0
171137804,projects/0/171137804-17f96f81033f2f1bf7df56d6034d50b19e32b992,tadinve/diags,17f96f81033f2f1bf7df56d6034d50b19e32b992,5,476,1895,4,0,0,0,0,0,3,3,0,475,0,0,0,0,0,421,447,0,1895,0,0,0,0,0,1666,1798,0,0,0,0,0,0,8,19,0
10338898,projects/0/10338898-98c04f46793ee24141b5ad52666ce364e8f8174e,pzelnip/katas,98c04f46793ee24141b5ad52666ce364e8f8174e,3,93,253,2,0,0,0,0,0,2,0,0,90,0,0,0,0,0,90,0,0,247,0,0,0,0,0,247,0,0,0,0,0,0,0,3,0,0
230819297,projects/0/230819297-5975a51aee4561d0bb1ebb702644eed6e42309af,JoelDela/TFM-Master_Data_Science_Kschool,5975a51aee4561d0bb1ebb702644eed6e42309af,1,252,1235,1,0,0,0,0,0,1,1,0,252,0,0,0,0,0,252,252,0,1235,0,0,0,0,0,1235,1235,0,0,0,0,0,0,5,3,0
166243932,projects/0/166243932-b9a8e45adfe0145d40bc81b54fc9208c66ad6d56,sanikamal/python-atoz,b9a8e45adfe0145d40bc81b54fc9208c66ad6d56,46,1368,5009,30,1,0,0,0,0,29,6,0,900,62,0,0,0,0,891,172,0,3310,580,0,0,0,0,3289,581,0,3,0,0,0,0,34,7,0
581264371,projects/0/581264371-2962f9bc120ede2e26a3332fd405eb4ed6458446,joshthecomposer/advent_of_spaghetti_code,2962f9bc120ede2e26a3332fd405eb4ed6458446,1,24,45,0,0,0,0,0,0,0,0,0,0,0,0,0,0,0,0,0,0,0,0,0,0,0,0,0,0,0,0,0,0,0,0,0,0,0
139019293,projects/0/139019293-421893933c9ed8aa06638be6e188e50f268b882f,chriselswede/hanadumpviewer,421893933c9ed8aa06638be6e188e50f268b882f,1,500,2681,1,0,0,0,0,0,1,0,0,500,0,0,0,0,0,500,0,0,2681,0,0,0,0,0,2681,0,0,0,0,0,0,0,1,0,0
819549178,projects/0/819549178-857fa44f57f67a5601a31dc55043d3ec0a814fdc,heyitsaamir/autogen-privacy-helper,857fa44f57f67a5601a31dc55043d3ec0a814fdc,43,4072,13924,42,0,0,0,0,0,32,36,0,4040,0,0,0,0,0,3335,3878,0,13835,0,0,0,0,0,11164,13036,0,0,0,0,0,0,52,182,0
146508867,projects/0/146508867-94f379e341ac6f34ef127dc65ce07f494e2f4f8a,SombiriX/TimeBank,94f379e341ac6f34ef127dc65ce07f494e2f4f8a,22,2293,6049,17,0,0,0,0,0,3,16,0,2293,0,0,0,0,0,225,2099,0,6049,0,0,0,0,0,614,5545,0,0,0,0,0,0,4,54,0
528314497,projects/0/528314497-7495e9b70e7e3206a104a15031badd97a1995078,JuanPabloGiraldoSoftware/rsisoftware,7495e9b70e7e3206a104a15031badd97a1995078,2,1114,3918,2,1,0,0,0,0,2,2,0,1114,1101,0,0,0,0,1114,1114,0,3918,3868,0,0,0,0,3918,3918,0,36,0,0,0,0,13,9,0
208337130,projects/0/208337130-ef1ca976b68240e6b1a6b337c0f86d5d9915c98a,joshseymour/15-Interactive_Dashboards,ef1ca976b68240e6b1a6b337c0f86d5d9915c98a,2,111,334,2,0,0,0,0,0,2,2,0,111,0,0,0,0,0,111,111,0,334,0,0,0,0,0,334,334,0,0,0,0,0,0,5,6,0
542682688,projects/0/542682688-8b4bac4391357909fe20c30294e1729e7f9ad434,isabelleysseric/Computer-Vision-Research-Project,8b4bac4391357909fe20c30294e1729e7f9ad434,3,575,1991,3,0,0,0,0,0,3,3,0,575,0,0,0,0,0,575,575,0,1991,0,0,0,0,0,1991,1991,0,0,0,0,0,0,27,8,0
279457484,projects/0/279457484-b804e13b0c097e43f41a678cf6eac4f378da3ed8,HwangJae/django_project,b804e13b0c097e43f41a678cf6eac4f378da3ed8,78,1776,5548,65,0,0,0,0,0,15,62,0,1776,0,0,0,0,0,699,1365,0,5548,0,0,0,0,0,2098,4436,0,0,0,0,0,0,19,133,0
25544523,projects/0/25544523-586910308c515ce33d1813f1a49337ca662eb178,sinkpoint/sagit,586910308c515ce33d1813f1a49337ca662eb178,66,10900,42615,60,3,0,0,0,0,56,57,0,10900,383,0,0,0,0,9795,10781,0,42615,1241,0,0,0,0,36140,42218,0,3,0,0,0,0,280,273,0
450038061,projects/0/450038061-e373201331ac4e82ee74556884d77f00d8b08a70,FireFly0000/CS130---Computer-Graphics,e373201331ac4e82ee74556884d77f00d8b08a70,2,221,724,2,0,0,0,0,0,2,0,0,221,0,0,0,0,0,221,0,0,724,0,0,0,0,0,724,0,0,0,0,0,0,0,2,0,0
134366962,projects/0/134366962-931603a19ac013263b585025d7a343c8aa20b154,dayangdata/react-native,931603a19ac013263b585025d7a343c8aa20b154,1,20,77,1,0,0,0,0,0,1,0,0,20,0,0,0,0,0,20,0,0,77,0,0,0,0,0,77,0,0,0,0,0,0,0,6,0,0
424211465,projects/0/424211465-6d4898921971bcdfaaedd0bc31c01fd0970b5650,FlorekWeronika/weronika_florek_uekatowice,6d4898921971bcdfaaedd0bc31c01fd0970b5650,1,44,127,0,0,0,0,0,0,0,0,0,0,0,0,0,0,0,0,0,0,0,0,0,0,0,0,0,0,0,0,0,0,0,0,0,0,0
161136508,projects/0/161136508-b3ce48beb46cbce77b9b40c8e336b83dd9d47afa,cleye/MNIST-Digit-Classifier,b3ce48beb46cbce77b9b40c8e336b83dd9d47afa,1,405,1656,1,0,0,0,0,0,1,1,0,405,0,0,0,0,0,405,405,0,1656,0,0,0,0,0,1656,1656,0,0,0,0,0,0,3,1,0
469456876,projects/0/469456876-f8864dbadc08bc862c5aafa3babf5a1968f91811,mattyred/poliTO-MachineLearningAndPatternRecognition,f8864dbadc08bc862c5aafa3babf5a1968f91811,23,2216,9802,15,0,0,0,0,0,15,2,0,1536,0,0,0,0,0,1536,164,0,6140,0,0,0,0,0,6140,650,0,0,0,0,0,0,23,2,0
568612926,projects/0/568612926-38b77e403a6286a60418050aec60801491d7866e,NightFox0486/Planty,38b77e403a6286a60418050aec60801491d7866e,99,5885,17978,84,0,0,0,0,0,28,83,0,5885,0,0,0,0,0,3462,5770,0,17978,0,0,0,0,0,11404,17616,0,0,0,0,0,0,68,211,0
654600514,projects/0/654600514-24417e09b95e41bff210bcd3036184e05af883bf,Eurus-J-Zhang/Flask_intro,24417e09b95e41bff210bcd3036184e05af883bf,6,701,2110,6,0,0,0,0,0,4,6,0,701,0,0,0,0,0,616,701,0,2110,0,0,0,0,0,1719,2110,0,0,0,0,0,0,5,19,0
689328267,projects/0/689328267-02242e1c87fcd549932c0bd1a31eaa44675785d3,hassancs91/ChatGPT-MAX-3.0,02242e1c87fcd549932c0bd1a31eaa44675785d3,5,429,1509,4,0,0,0,0,0,4,2,0,399,0,0,0,0,0,399,96,0,1232,0,0,0,0,0,1232,286,0,0,0,0,0,0,14,6,0
130625347,projects/0/130625347-827ca01b14c111fb985312510570a6bafadfbd25,yuanswife/LeetCode,827ca01b14c111fb985312510570a6bafadfbd25,48,3368,11012,7,0,0,0,0,0,7,1,0,559,0,0,0,0,0,559,96,0,1634,0,0,0,0,0,1634,321,0,0,0,0,0,0,8,1,0
190082107,projects/0/190082107-dcbe9f63bd3ec4baa2745312682a344b42273d61,xebialabs-community/xlr-chaos-monkey-plugin,dcbe9f63bd3ec4baa2745312682a344b42273d61,4,60,383,3,0,0,0,0,0,3,3,0,51,0,0,0,0,0,51,51,0,217,0,0,0,0,0,217,217,0,0,0,0,0,0,5,3,0
4739543,projects/0/4739543-4910649da859a853cc47950f09e668bde8d85414,ius/android_device_alcatel_cocktail,4910649da859a853cc47950f09e668bde8d85414,3,1309,5323,3,0,0,0,0,0,3,1,0,1309,0,0,0,0,0,1309,879,0,5323,0,0,0,0,0,5323,3453,0,0,0,0,0,0,21,2,0
638668611,projects/0/638668611-bb2f6fb589ad9e3ce4cd520545133ba79e14705d,paulynamagana/paulynamagana.github.io,bb2f6fb589ad9e3ce4cd520545133ba79e14705d,8,852,3712,8,0,0,0,0,0,8,4,0,852,0,0,0,0,0,852,414,0,3712,0,0,0,0,0,3712,1472,0,0,0,0,0,0,22,6,0
584963639,projects/0/584963639-5789ecd7d14d0740d340b5ae135e45da4455ab30,Shardul-Ghuge/Multivariate-Time-Series-Forecasting-of-Patient-Health-using-LSTM,5789ecd7d14d0740d340b5ae135e45da4455ab30,21,2444,13062,21,0,0,0,0,0,21,9,0,2444,0,0,0,0,0,2444,1599,0,13062,0,0,0,0,0,13062,8161,0,0,0,0,0,0,57,16,0
542261241,projects/0/542261241-8c932caf221aeab230e0903fb4685cee1ab1a31d,admire89/10-Adv_Data_Storage_Retrieval_SQLalchemy-Challenge,8c932caf221aeab230e0903fb4685cee1ab1a31d,2,580,2048,2,2,0,0,0,0,2,2,0,580,580,0,0,0,0,580,580,0,2048,2048,0,0,0,0,2048,2048,0,2,0,0,0,0,22,28,0
622366244,projects/0/622366244-89590590440aa237930370af774e05cab82f2907,willchoprojects/circuit-partitioning-algorithm,89590590440aa237930370af774e05cab82f2907,11,571,1864,9,0,0,0,0,0,7,7,0,543,0,0,0,0,0,488,465,0,1772,0,0,0,0,0,1619,1538,0,0,0,0,0,0,14,10,0
215706166,projects/0/215706166-6ef7efe9e5e9aaafb26ab689e78ed4aa0ded2798,kellymhli/employee-directory-app,6ef7efe9e5e9aaafb26ab689e78ed4aa0ded2798,4,268,766,2,0,0,0,0,0,0,2,0,84,0,0,0,0,0,0,84,0,380,0,0,0,0,0,0,380,0,0,0,0,0,0,0,4,0
154258172,projects/0/154258172-b25f0ae1a56fcbe6ecfc1263c1f163e2831838ad,immanuelqrw/GitBase,b25f0ae1a56fcbe6ecfc1263c1f163e2831838ad,1,20,88,1,0,0,0,0,0,1,1,0,20,0,0,0,0,0,20,20,0,88,0,0,0,0,0,88,88,0,0,0,0,0,0,1,1,0
199085621,projects/0/199085621-6ea6950f1113c1b2d2af115703e8d8cf7850aa18,jcp/sandbox,6ea6950f1113c1b2d2af115703e8d8cf7850aa18,3,255,831,3,0,0,0,0,0,3,2,0,255,0,0,0,0,0,255,165,0,831,0,0,0,0,0,831,559,0,0,0,0,0,0,8,3,0
543906179,projects/0/543906179-bbe567da5db3d64087eb0fd35932c3b946019f0e,TecHAyusH6476/DSA-Prep-HacktoberFest22,bbe567da5db3d64087eb0fd35932c3b946019f0e,9,497,1743,5,1,0,0,0,0,3,2,0,322,66,0,0,0,0,278,44,0,1209,259,0,0,0,0,1063,146,0,1,0,0,0,0,5,3,0
730872302,projects/0/730872302-8f5e344a1820ecc8f669268702ec91dd473aca94,liamjosephnolan/BallTracking,8f5e344a1820ecc8f669268702ec91dd473aca94,5,441,1736,4,2,0,0,0,0,4,2,0,440,186,0,0,0,0,440,186,0,1735,642,0,0,0,0,1735,642,0,24,0,0,0,0,10,2,0
